,cc,cc_x,cc_y,cc_smart,dphase_smart,coh,coh_freq,mean_motion,std_motion,mean_tempo,mean_tempo_dev,std_tempo_dev,ci68-min_dev,ci68-max_dev,dphase_cc,dphase,exp_n,musician,riot_type,factor1,factor2
0,0.09223956679251191,34,0.0925889579641039,0.10562933559745682,-3,0.1661089131248814,5.6640625,0.07060453883558375,0.08394544751203077,0.3750919520547945,0.00020188356164385635,0.01895854245092136,-0.0008650501316317769,0.0012688172549194896,0.10216770502417978,-3,1,Drum,arm,low,No
1,0.44138211120916987,4,0.6035395872785245,0.6099137935655072,4,0.7768242544734115,2.734375,0.09485196627252747,0.011800887730075534,0.3750919520547945,0.00020188356164385635,0.01895854245092136,-0.0008650501316317769,0.0012688172549194896,0.6037981174952364,4,1,Drum,head,low,No
2,-0.059285164592680496,2918,0.2629497804616231,0.17590056370194884,22,0.47265234329513395,1.953125,0.07274272875124105,0.04115745083711386,0.999620663265306,0.0003528061224491271,0.01740720910369193,-0.0013381799047666606,0.0020437921496649146,0.16483569301498063,23,1,Cello,arm,low,No
3,-0.06224774540949264,65,0.13100119978887673,0.13665393356086533,-35,0.2499653577803061,1.953125,0.0875783171514698,0.008215089527470465,0.999620663265306,0.0003528061224491271,0.01740720910369193,-0.0013381799047666606,0.0020437921496649146,0.13892181829765687,-35,1,Cello,head,low,No
4,0.17204840336153435,7,0.1788223286946258,0.1836800995913491,6,0.1839726984996058,0.5859375,0.04423732372599552,0.005503536060748632,1.6332712962962963,0.02519907407407409,0.16771902388797946,0.003250346060352946,0.04714780208779523,0.178955926182539,7,1,Sax,arm,low,No
5,0.35762459170105365,0,0.35762459170105365,0.3774510394376317,-9,0.4163995137089506,0.78125,0.060624895387897476,0.011225855688102412,1.6332712962962963,0.02519907407407409,0.16771902388797946,0.003250346060352946,0.04714780208779523,0.38554966026748405,-9,1,Sax,head,low,No
6,0.027191322862034274,1816,0.11188566480796787,0.06668264402610623,-9,0.16915019553768912,7.421875,0.055513445761491066,0.007787537190355369,0.977516037735849,0.01587264150943394,0.07921462524668386,0.00847358490356332,0.023271698115304558,0.04508939496144473,-9,1,Piano,arm,low,No
7,-0.017265115560502593,477,0.211923186126015,0.18580970953117915,-27,0.24058322061811901,3.515625,0.05666097926158892,0.008549413637401984,0.977516037735849,0.01587264150943394,0.07921462524668386,0.00847358490356332,0.023271698115304558,0.18415456515599007,-27,1,Piano,head,low,No
8,-0.2618240689029371,8,0.4729040546458994,0.46854904119251245,8,0.8807221603920874,4.1015625,0.09081840395919455,0.01231162085646052,0.2500203539823009,0.00010000000000000716,0.008164732699341109,-0.0002693147594388581,0.0004693147594388724,0.4733288949503444,8,1,Accordion,arm,low,No
9,-0.005169357739091694,19,0.5095175339977637,0.49937326330590665,-6,0.856964087547665,3.90625,0.07082016791708008,0.008039872042794287,0.2500203539823009,0.00010000000000000716,0.008164732699341109,-0.0002693147594388581,0.0004693147594388724,0.4991399991019091,-6,1,Accordion,head,low,No
10,0.012077555527072212,1402,0.1467637136965933,0.04134143397083382,-27,0.14510453731149825,4.296875,0.04087144677489221,0.004433546014056637,2.591422321428571,0.16098482142857184,0.9089423857777051,-0.004204226749286333,0.32617386960643,0.03461453195546084,-33,1,Clarinet,arm,low,No
11,0.3329427269695854,213,0.42349097117189327,0.4838652052871988,-34,0.8467813350921786,0.390625,0.07209569410972039,0.02550134692685717,2.591422321428571,0.16098482142857184,0.9089423857777051,-0.004204226749286333,0.32617386960643,0.5008082455598193,-36,1,Clarinet,head,low,No
12,-0.12356100532110145,11,0.1943646602839838,0.19585202729728596,11,0.24763498296830597,6.640625,0.07676207037024267,0.09413538983159901,0.3298218255988024,-0.00012759206586829757,0.01673815023903487,-0.0010083531935419134,0.0007531690618053184,0.19451161432159614,11,2,Drum,arm,high,No
13,-0.27926200308832066,480,0.30120384516541904,0.2989762443247427,-15,0.7078069396641088,3.125,0.09250627429862036,0.013405302132365737,0.3298218255988024,-0.00012759206586829757,0.01673815023903487,-0.0010083531935419134,0.0007531690618053184,0.2989411632000469,-15,2,Drum,head,high,No
14,0.18489325941237475,21,0.42154729314828315,0.4249692245086841,20,0.6255353668898489,1.5625,0.08425688743335798,0.04328815540912224,1.4281386718750002,-0.0003667968750001305,0.03773065095495135,-0.004902328730301024,0.004168734980300763,0.4224569187027341,21,2,Cello,arm,high,No
15,-0.02694764989741575,173,0.2884262325285517,0.2895352953837009,30,0.5585902575733688,2.734375,0.0949596373251906,0.012264368857934806,1.4281386718750002,-0.0003667968750001305,0.03773065095495135,-0.004902328730301024,0.004168734980300763,0.275913448958171,31,2,Cello,head,high,No
16,0.004841533820232583,846,0.05845228118271545,0.007629958541014633,-11,0.1634187988690493,6.4453125,0.07192144313231823,0.035612918460483325,0.2383558016877637,-0.00028238396624471736,0.07595056193856183,-0.0036371769892838573,0.003072409056794423,0.007629958541014633,-11,2,Sax,arm,high,No
17,-0.22339401013549692,12,0.21224283293256882,0.2529460508994746,-11,0.6660890126312143,4.296875,0.06682176617982145,0.010901453408871586,0.2383558016877637,-0.00028238396624471736,0.07595056193856183,-0.0036371769892838573,0.003072409056794423,0.2529460508994746,-11,2,Sax,head,high,No
18,0.016073122999555524,1055,0.0857232419889554,0.039874431266372676,-7,0.11622942591997813,4.1015625,0.05806103007247047,0.00769014023542322,0.35181189042207794,8.799918831164283e-05,0.02478490777489185,-0.0012701136652339723,0.001446112041857258,0.039788900050501196,-7,2,Piano,arm,high,No
19,-0.14379011997593727,17,0.13389264403140003,0.14647926814417178,-17,0.3031057402822083,2.734375,0.05507085402336463,0.00630948861955611,0.35181189042207794,8.799918831164283e-05,0.02478490777489185,-0.0012701136652339723,0.001446112041857258,0.14647926814417178,-17,2,Piano,head,high,No
20,-0.731217632190523,21,0.7876938040228287,0.8161532522178191,-18,0.9618168112231613,2.5390625,0.1112599252558355,0.019012911461382363,0.38961946010638304,9.345478723397807e-05,0.01948948751531912,-0.0010226366486767217,0.0012095462231446778,0.8160728460543111,-18,2,Accordion,arm,high,No
21,-0.11825617058136724,28,0.6832003020073362,0.6984643553780301,-11,0.8012893662378503,2.5390625,0.08716950294803134,0.020167757240215155,0.38961946010638304,9.345478723397807e-05,0.01948948751531912,-0.0010226366486767217,0.0012095462231446778,0.6978672542586156,-11,2,Accordion,head,high,No
22,0.03287852099711542,231,0.06094761788774316,0.029363606541094937,-3,0.1160722107633328,5.6640625,0.04167069088117009,0.00457212799129468,1.42845148828125,0.000605792968750074,0.04561221451420201,-0.004877167083197636,0.006088753020697784,0.03293674670301643,-1,2,Clarinet,arm,high,No
23,0.040377792330683795,3700,0.053347327366963126,0.05063802148328803,-14,0.23866052562417767,4.1015625,0.0608672782330325,0.008926205270010623,1.42845148828125,0.000605792968750074,0.04561221451420201,-0.004877167083197636,0.006088753020697784,0.05342277583369725,-13,2,Clarinet,head,high,No
24,0.00044205377028330814,262,0.03410940856527934,0.01828624186474804,9,0.24955365784515374,0.390625,0.0503814127289366,0.03259914541714057,0.24883921917040358,9.519786995516996e-05,0.022338413618417596,-0.0009220078865972241,0.001112403626507564,0.0225458369672066,10,3,Drum,arm,low,No
25,-0.03263726649792441,570,0.1445577139400027,0.014746111182874918,-12,0.2619530803006463,1.953125,0.09873408431421296,0.014620581587774127,0.24883921917040358,9.519786995516996e-05,0.022338413618417596,-0.0009220078865972241,0.001112403626507564,0.014746111182874918,-12,3,Drum,head,low,No
26,-0.0209951892615618,133,0.062019394394040916,0.04359008383879386,8,0.19035925017160252,1.5625,0.04814564259339621,0.005385924548253089,0.2499307138888889,2.9192777777758232e-05,0.005662340896774829,-0.0002275000095427007,0.0002858855650982172,0.043240171540900305,8,3,Cello,arm,low,No
27,0.02062557218980233,1005,0.07703667263616046,0.05744061194398614,5,0.2661515487499729,2.734375,0.08969118577016898,0.008263773688336655,0.2499307138888889,2.9192777777758232e-05,0.005662340896774829,-0.0002275000095427007,0.0002858855650982172,0.056397953169223344,5,3,Cello,head,low,No
28,0.03551788980962632,2443,0.07193990040821767,0.03820840561642685,5,0.14710090214276167,5.859375,0.05603628086157462,0.029466975235097493,0.7508531630434783,-0.0007094528985507492,0.03314371713652722,-0.0034226764686524445,0.002003770671550946,0.03961670979429344,5,3,Sax,arm,low,No
29,0.013100427517991294,16,0.4331661078020229,0.44437658265018753,16,0.6072844337681041,1.3671875,0.06394998987344234,0.011893756109101646,0.7508531630434783,-0.0007094528985507492,0.03314371713652722,-0.0034226764686524445,0.002003770671550946,0.43334439937767993,16,3,Sax,head,low,No
30,-0.06893590468934638,1999,0.07207445838515074,0.05711916882291007,-66,0.12539972927328724,4.6875,0.05377626517331832,0.006621673292903808,1.499084594827586,-0.0015810086206894277,0.030753052987236528,-0.005464283651309772,0.002302266409930917,0.057419344111826094,-66,3,Piano,arm,low,No
31,0.21523169533486256,25,0.6056866880342398,0.6143749923054213,25,0.8217475005382427,0.5859375,0.05671551403528641,0.010604628932716261,1.499084594827586,-0.0015810086206894277,0.030753052987236528,-0.005464283651309772,0.002302266409930917,0.6094735121297388,25,3,Piano,head,low,No
32,0.029516540651849745,11,0.7340314487956038,0.732551050044051,11,0.9197778317390715,1.953125,0.1035732543958155,0.018836606314770042,0.49977407727272716,-9.681818180890484e-07,0.02208469414419524,-0.001432839398794742,0.0014309030351585639,0.7343951681245104,11,3,Accordion,arm,low,No
33,-0.46840136906363006,18,0.4057599532348227,0.40271991146584796,18,0.7980561228863248,4.1015625,0.08669785325929333,0.01193939351874615,0.49977407727272716,-9.681818180890484e-07,0.02208469414419524,-0.001432839398794742,0.0014309030351585639,0.40618286752850696,18,3,Accordion,head,low,No
34,-0.2830036325670701,24,0.5208405923246203,0.5261033159176475,24,0.6343680794002797,1.3671875,0.05046843026178248,0.008133798811881109,0.7537900742753624,-0.0026303641304348756,0.04324328211748949,-0.006170362127835817,0.0009096338669660653,0.522058450176808,24,3,Clarinet,arm,low,No
35,-0.03302027737483294,19,0.6560784992058611,0.656634849938079,18,0.6670777597311487,1.3671875,0.0934169330448733,0.024070440997007343,0.7537900742753624,-0.0026303641304348756,0.04324328211748949,-0.006170362127835817,0.0009096338669660653,0.6567873899679141,19,3,Clarinet,head,low,No
36,0.06416766260341235,5,0.06574485421071419,0.08102430299478931,-30,0.4431523549624099,0.390625,0.04221156675762485,0.01183313115096685,0.7122821421232877,0.0010189400684931984,0.024353392673415592,-0.0009192972628045955,0.002957177399790992,0.08243921890908525,-27,4,Drum,arm,high,No
37,-0.08956234308777075,737,0.09609853374808927,0.09837780595423809,27,0.17669710670913225,6.25,0.08343733288759503,0.012484825445565326,0.7122821421232877,0.0010189400684931984,0.024353392673415592,-0.0009192972628045955,0.002957177399790992,0.09346348396950824,28,4,Drum,head,high,No
38,-0.04409535820822036,12,0.20401099531553973,0.20886792631760653,12,0.2823008880098693,2.5390625,0.0530182614904679,0.016187535466587806,0.38963741319444445,-0.00010477430555554267,0.019346600440176127,-0.0012010816638321898,0.0009915330527211046,0.20419919374252665,12,4,Cello,arm,high,No
39,0.030329123340239184,973,0.06667913438840913,0.048916170678667235,6,0.21341914313722382,6.8359375,0.09175064956718557,0.008493372729616314,0.38963741319444445,-0.00010477430555554267,0.019346600440176127,-0.0012010816638321898,0.0009915330527211046,0.05206729710603902,6,4,Cello,head,high,No
40,0.3886211488536407,143,0.4091001048433796,0.37795387444259804,1,0.4856385578626216,1.3671875,0.05808625626532177,0.011337034719062063,0.693666362012987,0.0024432094155844076,0.05610510027940247,-0.001904553892128812,0.006790972723297628,0.3890401825657203,1,4,Sax,arm,high,No
41,0.38941691787194194,142,0.41453674540412144,0.385396794741041,0,0.47729087583964613,1.3671875,0.07069538605475606,0.019102668499382407,0.693666362012987,0.0024432094155844076,0.05610510027940247,-0.001904553892128812,0.006790972723297628,0.38941691787194194,0,4,Sax,head,high,No
42,-0.1128026994161888,235,0.12262019614212108,0.11308416243662862,-26,0.16334534195338457,1.5625,0.058261844359733556,0.007809598068642584,0.6592367088607596,-0.00027594936708869245,0.01840942533582534,-0.001684380443255683,0.001132481709078298,0.11253068820317191,-27,4,Piano,arm,high,No
43,-0.3547226392039964,104,0.5645153067070725,0.5693332444688168,-28,0.7927510366050997,1.5625,0.07432105818416099,0.013334156281927368,0.6592367088607596,-0.00027594936708869245,0.01840942533582534,-0.001684380443255683,0.001132481709078298,0.5688884678441263,-28,4,Piano,head,high,No
44,-0.03730715451436541,21,0.6070696587701864,0.6153706542745906,21,0.8428006111235069,1.171875,0.08635475864467827,0.01686877294187654,0.8574792987288136,-0.0009475190677966141,0.053225493283356164,-0.0056594899925411744,0.0037644518569479465,0.6084680936146937,21,4,Accordion,arm,high,No
45,-0.28254037166907775,28,0.5088949086461179,0.5110032065478978,28,0.7144331601247165,1.171875,0.05777818973223533,0.008545391174290186,0.8574792987288136,-0.0009475190677966141,0.053225493283356164,-0.0056594899925411744,0.0037644518569479465,0.5104617738466691,28,4,Accordion,head,high,No
46,0.003720679242140971,2026,0.061604550468807716,0.019295410310549835,-6,0.20683826966500904,2.5390625,0.04134355212287944,0.005436166847995171,0.2576332840909091,-0.00034540681818181205,0.06205230607390423,-0.0031902314411794324,0.002499417804815808,0.01979252505299852,-6,4,Clarinet,arm,high,No
47,0.05268269277841325,582,0.10422315623389253,0.05922706493234427,1,0.22135956411921417,4.6875,0.06166427700410407,0.009855360727067563,0.2576332840909091,-0.00034540681818181205,0.06205230607390423,-0.0031902314411794324,0.002499417804815808,0.05576062332640592,1,4,Clarinet,head,high,No
48,-0.15445679447480712,211,0.27567914508946534,0.2771510346211209,-14,0.6791338450263121,2.734375,0.04337446623505246,0.005547130345666347,0.37485219594594593,0.00013766891891894465,0.00858638724538357,-0.0003422728261169718,0.0006176106639548611,0.27754443758577585,-14,5,Drum,arm,low,Yes
49,0.03406033768315589,31,0.11354165445301312,0.09825306258361281,-7,0.266174868141649,2.734375,0.08436507321577232,0.009960710018438018,0.37485219594594593,0.00013766891891894465,0.00858638724538357,-0.0003422728261169718,0.0006176106639548611,0.0959061388796908,-7,5,Drum,head,low,Yes
50,-0.4879687008049162,27,0.5784523196022568,0.569375059533695,-23,0.8545298067316035,1.953125,0.058725142479074885,0.008378479454985491,0.49952143981481484,0.00014657870370366743,0.022107237714604603,-0.0012999648561271475,0.0015931222635344824,0.5692832080543695,-23,5,Cello,arm,low,Yes
51,-0.25399880010912645,128,0.2841803111360394,0.25678145719716844,-22,0.4658435110745101,1.953125,0.11718952901415769,0.011838202762819999,0.49952143981481484,0.00014657870370366743,0.022107237714604603,-0.0012999648561271475,0.0015931222635344824,0.25651923001833116,-22,5,Cello,head,low,Yes
52,0.09093358197929173,18,0.3400331982141075,0.3489017680723754,18,0.552162650035431,0.9765625,0.04690027309271963,0.0056552867647235005,1.000119025,-0.0010961050000000939,0.09538352605976355,-0.010268806980286685,0.008076596980286498,0.34070384404481063,18,5,Sax,arm,low,Yes
53,0.28875919487463403,16,0.6704924844310488,0.6708127622937726,16,0.8378268502727376,0.9765625,0.05731077566650454,0.013072657532420467,1.000119025,-0.0010961050000000939,0.09538352605976355,-0.010268806980286685,0.008076596980286498,0.6714980714093307,16,5,Sax,head,low,Yes
54,-0.008050782125659038,1629,0.07858203011863167,0.013662101965681277,-16,0.35310469640220743,2.734375,0.057951360103039994,0.007528517845223475,0.4769496462264151,0.0003682783018867637,0.029231017001749657,-0.0015623554999296865,0.0022989121037032137,0.012814245941340445,-16,5,Piano,arm,low,Yes
55,0.08072806181867397,10,0.3875537156638837,0.38529420363586436,10,0.4654350319397293,1.953125,0.06430669662069548,0.01032873876720058,0.4769496462264151,0.0003682783018867637,0.029231017001749657,-0.0015623554999296865,0.0022989121037032137,0.38766330203294536,10,5,Piano,head,low,Yes
56,-0.3484404836927859,21,0.3955365343645018,0.40453032553253193,21,0.7325848550312306,1.953125,0.08402205628231665,0.011320286936602938,0.4998642740825688,0.0003805607798165296,0.01777038924393614,-0.000776863542502292,0.0015379851021353511,0.39634911554929425,21,5,Accordion,arm,low,Yes
57,-0.33957657183786916,632,0.5401939622444529,0.5370661028387095,-18,0.7172451124755436,1.953125,0.06775075985195995,0.008786910276796197,0.4998642740825688,0.0003805607798165296,0.01777038924393614,-0.000776863542502292,0.0015379851021353511,0.5370204762807641,-18,5,Accordion,head,low,Yes
58,-0.08051620556810238,33,0.07939401384504195,0.06895685564407454,33,0.16621622634341124,5.46875,0.04005280760893028,0.004480612594356815,0.7495126068840582,0.0008291902173910325,0.036320464331602104,-0.002144089439070164,0.0038024698738522295,0.07964705771884413,33,5,Clarinet,arm,low,Yes
59,-0.4358378184179361,26,0.7049043122079012,0.714696140112369,26,0.9083016682635155,1.3671875,0.06117896370798377,0.012178111082959287,0.7495126068840582,0.0008291902173910325,0.036320464331602104,-0.002144089439070164,0.0038024698738522295,0.7068237865598506,26,5,Clarinet,head,low,Yes
60,0.004014966677410458,1619,0.046568817957523545,0.025132990799039228,5,0.13779687373717636,1.5625,0.042744619171560666,0.006044959603152942,0.1961611683848797,-0.00011443298969071143,0.01572353767791078,-0.0007412094593767346,0.0005123434799953117,0.02184060215348988,5,6,Drum,arm,high,Yes
61,-0.022589310262019935,44,0.33265760858531723,0.3155553587525421,5,0.702618719027802,5.078125,0.10395417888289332,0.01356898975159481,0.1961611683848797,-0.00011443298969071143,0.01572353767791078,-0.0007412094593767346,0.0005123434799953117,0.31723992198717554,5,6,Drum,head,high,Yes
62,0.06704998443084674,237,0.2908908577509508,0.2854707926586172,-21,0.6468630119178099,2.34375,0.054778066936949726,0.011464555876547676,0.8575752049180327,-0.00011618852459012247,0.026078773335888643,-0.002386738968465103,0.0021543619192848583,0.28784751098759875,-21,6,Cello,arm,high,Yes
63,-0.0697921449691962,20,0.3745258639503708,0.3650294521981791,20,0.5640955338830449,2.34375,0.096952134097109,0.011873673811804788,0.8575752049180327,-0.00011618852459012247,0.026078773335888643,-0.002386738968465103,0.0021543619192848583,0.37530081560997847,20,6,Cello,head,high,Yes
64,-0.01000990212857715,1683,0.059259381238212235,0.019116635591182277,-9,0.08976190187521427,6.4453125,0.04495599084990731,0.006003538424708622,0.19426653911564626,0.0005157738095238129,0.025298391228139542,-0.0004875200447410857,0.0015190676637887113,0.019116635591182277,-9,6,Sax,arm,high,Yes
65,-0.021862514500250993,1135,0.05519180252167825,0.019976918651265864,7,0.15620408839815011,7.03125,0.06032452256598084,0.007292484587441369,0.19426653911564626,0.0005157738095238129,0.025298391228139542,-0.0004875200447410857,0.0015190676637887113,0.02001669798151869,7,6,Sax,head,high,Yes
66,-0.016416252266155385,1992,0.06864739184577083,0.035609042818159645,9,0.1292252082312413,2.34375,0.06037860234014309,0.009915143107850084,0.3373062874251497,0.00023502994011980507,0.051590783010899324,-0.0024796760204155665,0.002949735900655177,0.03657178101162076,9,6,Piano,arm,high,Yes
67,0.19547167743674077,72,0.4599702390679541,0.4560001899813772,6,0.5177109135378247,3.125,0.06665359221947538,0.011841975820778323,0.3373062874251497,0.00023502994011980507,0.051590783010899324,-0.0024796760204155665,0.002949735900655177,0.45476401200131383,6,6,Piano,head,high,Yes
68,-0.05546203636875041,77,0.4114113383358755,0.41196750230030826,16,0.6900370530499234,1.5625,0.07720962871715568,0.010935081960346517,0.6123625,-0.001932614942528735,0.029532577433604365,-0.0040856477013079175,0.00022041781625044732,0.4079648869685269,16,6,Accordion,arm,high,Yes
69,-0.46939513488577844,145,0.5543519258643753,0.5325685045334129,24,0.8202358142823426,1.5625,0.0755923568653711,0.017119100866413405,0.6123625,-0.001932614942528735,0.029532577433604365,-0.0040856477013079175,0.00022041781625044732,0.5366079801901718,24,6,Accordion,head,high,Yes
70,0.5811396073093675,14,0.7323671339713128,0.7372212286300631,14,0.8610965725615988,0.78125,0.06569930714982315,0.025128783834502216,1.4276049242424242,0.0014375000000000073,0.07087226251590265,-0.00695184858511073,0.009826848585110744,0.7329408336844869,14,6,Clarinet,arm,high,Yes
71,0.6049587872437787,12,0.7010443856098929,0.7059806553103996,11,0.7955667133564127,0.78125,0.07149351163706949,0.016378761443007005,1.4276049242424242,0.0014375000000000073,0.07087226251590265,-0.00695184858511073,0.009826848585110744,0.7015502626139869,12,6,Clarinet,head,high,Yes
72,0.6513821415128527,4,0.6959657851087836,0.6918129388236338,4,0.864031455974466,2.734375,0.24618997308634993,0.12552661288089573,0.7392158450704224,0.0001123239436620994,0.06402446755688994,-0.005054524392843721,0.005279172280167919,0.6964710334462295,4,7,Drum,arm,low,Yes
73,0.09434741196491535,1357,0.17027440996763926,0.12794774235975787,7,0.4714345792181445,2.734375,0.0827480965124627,0.008571192884450842,0.7392158450704224,0.0001123239436620994,0.06402446755688994,-0.005054524392843721,0.005279172280167919,0.12822508937650998,7,7,Drum,head,low,Yes
74,0.08963991824437365,2145,0.17894121932536122,0.15651434175787426,-7,0.2037791037543829,2.9296875,0.05515094968900698,0.018309165977563737,0.5000916666666667,-0.00022409909909915595,0.010940297953368908,-0.0009302159460272823,0.00048201774782897046,0.156691251391884,-7,7,Cello,arm,low,Yes
75,0.10042163394103158,158,0.1714073477739013,0.16891629770270866,7,0.6765301282216434,4.1015625,0.10956877926037728,0.015626056785618934,0.5000916666666667,-0.00022409909909915595,0.010940297953368908,-0.0009302159460272823,0.00048201774782897046,0.16683291512499906,7,7,Cello,head,low,Yes
76,-0.029513729710823278,211,0.09150567965664735,0.07154146981295653,-17,0.27761359462882024,5.2734375,0.04621457887392699,0.005980101656169264,0.3802709183673469,0.000259693877551093,0.042431059109762616,-0.002120071366925366,0.002639459122027552,0.0718487801738835,-17,7,Sax,arm,low,Yes
77,0.5548139949853543,2,0.5914672205225792,0.5872785415008687,2,0.8861972766465733,2.734375,0.06715079026864622,0.011334598397013727,0.3802709183673469,0.000259693877551093,0.042431059109762616,-0.002120071366925366,0.002639459122027552,0.5916689803187377,2,7,Sax,head,low,Yes
78,-0.02653184915702095,2776,0.0563287567875971,0.03264342472069807,-15,0.1910463243111515,5.46875,0.061166083555470825,0.008740719180618986,0.43799024390243907,-0.0005178861788618557,0.019550615155992167,-0.0017166035085772933,0.0006808311508535819,0.032280991892744866,-15,7,Piano,arm,low,Yes
79,0.10584411187867701,4,0.12275249297429357,0.12504035069154146,4,0.3019184601541621,2.34375,0.0578294606963765,0.00999177786766292,0.43799024390243907,-0.0005178861788618557,0.019550615155992167,-0.0017166035085772933,0.0006808311508535819,0.12280299794403274,4,7,Piano,head,low,Yes
80,-0.19082965059194823,10,0.33437981101421393,0.3203071689942021,10,0.7875169358975368,3.90625,0.09377536157271232,0.01503200199037969,0.2545838400900901,-5.1407657657676375e-05,0.03165876239567206,-0.0014962696232634167,0.0013934543079480639,0.3348420181418325,10,7,Accordion,arm,low,Yes
81,0.26321482695646176,20,0.6769737754942768,0.6911990122246663,-5,0.854120648759152,3.90625,0.09715949632641264,0.014394719003789816,0.2545838400900901,-5.1407657657676375e-05,0.03165876239567206,-0.0014962696232634167,0.0013934543079480639,0.6899219280733809,-5,7,Accordion,head,low,Yes
82,-0.39905458981923114,50,0.699786995676468,0.7062238859543549,50,0.8975486791350079,0.5859375,0.053938657906562645,0.013297784069416129,1.4979591666666667,0.00020083333333329457,0.08123345205845486,-0.009884335999724218,0.010286002666390806,0.7018462654620885,50,7,Clarinet,arm,low,Yes
83,-0.37674578593621577,50,0.7522889037067122,0.7576087490345491,50,0.8762737539423417,0.78125,0.06690927068590379,0.020053580164463024,1.4979591666666667,0.00020083333333329457,0.08123345205845486,-0.009884335999724218,0.010286002666390806,0.7545026713517701,50,7,Clarinet,head,low,Yes
84,0.0657927871204741,64,0.09452571254921857,0.07245564712322941,-3,0.4927227911334442,1.5625,0.06665554304796033,0.07962833578164107,0.6593085443037975,-0.00018702531645569176,0.02010265849845102,-0.0017249988504634286,0.0013509482175520452,0.07546442294931238,-4,8,Drum,arm,high,Yes
85,0.051976750836662186,668,0.09674561383125349,0.08095741556724483,9,0.15760246870937086,6.640625,0.0897233453896687,0.015338678910564028,0.6593085443037975,-0.00018702531645569176,0.02010265849845102,-0.0017249988504634286,0.0013509482175520452,0.07769646052362038,9,8,Drum,head,high,Yes
86,-0.015017865898136619,14,0.053530302337482114,0.05552995857876441,-10,0.22609129808612072,3.515625,0.052134500128758865,0.008759559964688038,0.2534260698198198,-5.624999999998343e-05,0.018036388118576704,-0.00087940571479815,0.0007669057147981832,0.0554596470940767,-10,8,Cello,arm,high,Yes
87,0.010491866603085936,2062,0.0790256599889744,0.07345381014220562,-5,0.18987987276330295,7.8125,0.10040845106306134,0.022193075975304066,0.2534260698198198,-5.624999999998343e-05,0.018036388118576704,-0.00087940571479815,0.0007669057147981832,0.07418462139616432,-5,8,Cello,head,high,Yes
88,0.1294570912632655,27,0.38866973915677583,0.4018055388355801,27,0.48980261345267817,0.78125,0.04587926365919401,0.0068512956792546095,1.439607196969697,0.000729166666666461,0.09654645551041938,-0.010699308186271253,0.012157641519604176,0.38972327630145764,28,8,Sax,arm,high,Yes
89,0.12061771934507946,28,0.4982530854053502,0.5091305364828633,28,0.628774184673495,0.78125,0.06104452587087973,0.013186892328691049,1.439607196969697,0.000729166666666461,0.09654645551041938,-0.010699308186271253,0.012157641519604176,0.4996214160627027,28,8,Sax,head,high,Yes
90,0.07855166914990569,918,0.10159495640957322,0.08992158326075884,-3,0.1329001776162424,1.953125,0.07046125833813267,0.012326330177669079,0.659265506329114,-0.00017816455696209634,0.021152229239363548,-0.0017964365262099656,0.0014401074122857727,0.082671380170439,-3,8,Piano,arm,high,Yes
91,0.08508037829669104,59,0.11283450225269544,0.11333628187868941,-6,0.1802040464736668,1.3671875,0.08889323933503143,0.026079705794927736,0.659265506329114,-0.00017816455696209634,0.021152229239363548,-0.0017964365262099656,0.0014401074122857727,0.10880507010372265,-6,8,Piano,head,high,Yes
92,0.1328089520223786,245,0.24773442183238345,0.21037203210772665,-12,0.34771498863833505,1.171875,0.0724325687144662,0.010745351921100937,0.8588078389830509,0.0018718220338982293,0.06758130264860066,-0.004111046578352787,0.007854690646149246,0.20750674247655415,-12,8,Accordion,arm,high,Yes
93,0.5486047065782822,427,0.5627648271531068,0.5699079413619248,-2,0.8029427087807743,1.171875,0.07140062961997078,0.01584559845157852,0.8588078389830509,0.0018718220338982293,0.06758130264860066,-0.004111046578352787,0.007854690646149246,0.5585606789182314,-3,8,Accordion,head,high,Yes
94,0.014838471114793108,157,0.037294938240528014,0.05365811390366381,-10,0.6134113010758041,0.390625,0.054337805626428516,0.06080294767444346,0.3297834337349398,0.0002864457831324979,0.009374275682088538,-0.00020831194878380166,0.0007812035150487975,0.05625120527050981,-9,9,Drum,arm,high,No
95,0.46579725096197827,30,0.581719648564458,0.57472053379984,-3,0.8791361036117594,3.125,0.10352190491586198,0.010408692281509058,0.3297834337349398,0.0002864457831324979,0.009374275682088538,-0.00020831194878380166,0.0007812035150487975,0.5765468295147087,-3,9,Drum,head,high,No
96,-0.027224160622634063,1093,0.06278279142023589,0.05340668723898826,-17,0.1386209198337232,3.90625,0.05577886955126615,0.025499717665137464,0.50406875,-2.2453703703680156e-05,0.012848464571229368,-0.0008631676779759133,0.000818260270568553,0.053603441285844995,-17,9,Cello,arm,high,No
97,0.07398841451758,108,0.15649915626145827,0.15145612750061124,8,0.29898418765487894,3.90625,0.08936311688205478,0.008819784716107747,0.50406875,-2.2453703703680156e-05,0.012848464571229368,-0.0008631676779759133,0.000818260270568553,0.15362947524696374,8,9,Cello,head,high,No
98,0.04998349415096217,924,0.08507621767731399,0.05514860111557395,-2,0.19757377085030103,5.46875,0.06085311816039282,0.03491457177822317,0.5996681179775281,-0.0007332865168539301,0.13925312906828627,-0.010770631985425144,0.009304058951717282,0.05122667051487397,-2,9,Sax,arm,high,No
99,0.09588665467792622,281,0.16592305540075908,0.10548208330185127,-4,0.3002044249262543,1.7578125,0.05916723821017339,0.009570631366648565,0.5996681179775281,-0.0007332865168539301,0.13925312906828627,-0.010770631985425144,0.009304058951717282,0.10425325298997315,-4,9,Sax,head,high,No
100,-0.007947839233949868,48,0.11292428914186027,0.11108979474950227,-26,0.6431297207261634,1.3671875,0.05190424915453563,0.049036150535802486,0.7492071213768117,0.00012742934782595982,0.01594181942640884,-0.0011776059335175514,0.001432464629169471,0.11609860938052254,-25,10,Drum,arm,low,No
101,0.057133984886794255,518,0.10599614379400658,0.06653845837123079,-9,0.1056850667136405,1.3671875,0.08857780440538693,0.013803875565789056,0.7492071213768117,0.00012742934782595982,0.01594181942640884,-0.0011776059335175514,0.001432464629169471,0.06972278488945736,-9,10,Drum,head,low,No
102,0.5348498767217486,133,0.7611714917199486,0.7860426672009884,-17,0.9711278327747603,0.5859375,0.10742839949550399,0.08090661425860991,1.4984920241935484,0.0003840403225806194,0.02787443578822652,-0.0030203092692472305,0.003788389914408469,0.7821434074723551,-17,10,Cello,arm,low,No
103,0.0861149001703317,882,0.18310781527048933,0.12549162445193693,-14,0.38307145617038263,1.3671875,0.08119084827663481,0.009050637037831552,1.4984920241935484,0.0003840403225806194,0.02787443578822652,-0.0030203092692472305,0.003788389914408469,0.12421204827237205,-14,10,Cello,head,low,No
104,0.013302800167276984,319,0.062089171932906924,0.02717113775281229,-5,0.21204726973715055,4.1015625,0.057634103664624244,0.028904532632520418,0.25356886875,-7.218750000013354e-06,0.03597320576055361,-0.0016564316155766596,0.001641994115576633,0.027243722111548727,-5,10,Sax,arm,low,No
105,0.061946588005530975,19,0.39863398924748406,0.3752382058930999,-6,0.7811452763361183,4.1015625,0.06672414708165282,0.011082528170774314,0.25356886875,-7.218750000013354e-06,0.03597320576055361,-0.0016564316155766596,0.001641994115576633,0.37509343944566126,-6,10,Sax,head,low,No
106,0.016687870614131153,58,0.1287453528502791,0.11011591766689324,-18,0.2381050944960265,1.3671875,0.05872918144182868,0.00837758938133065,0.7495427214285716,-0.0011793500000001312,0.0471479185434134,-0.00501132279572869,0.002652622795728428,0.10990766913960665,-18,10,Piano,arm,low,No
107,0.08979357511070156,888,0.188471030537672,0.2307914674674594,-14,0.3379981431120372,1.3671875,0.06382247839789196,0.008685201827471697,0.7495427214285716,-0.0011793500000001312,0.0471479185434134,-0.00501132279572869,0.002652622795728428,0.2323817124858592,-14,10,Piano,head,low,No
108,0.5589975952793643,48,0.5694158888440651,0.5776772618074268,-2,0.7196956284587,1.953125,0.0953961534165887,0.01621892670414515,0.4998822614678899,0.00032224311926606783,0.019651485530431275,-0.0009577011188928654,0.001602187357425001,0.5778291607898807,-2,10,Accordion,arm,low,No
109,0.5495730174610388,2,0.5639963604167653,0.5673843596884269,2,0.7356340882360006,1.953125,0.0861154578754546,0.013407279066614944,0.4998822614678899,0.00032224311926606783,0.019651485530431275,-0.0009577011188928654,0.001602187357425001,0.5639988332399077,2,10,Accordion,head,low,No
110,-0.33087220315230204,364,0.5989679595164161,0.6200381870840324,-35,0.7909116325122849,0.9765625,0.05689228547228349,0.010647032282834232,0.9981350433673468,0.0017442015306123972,0.058164802431182036,-0.0039060935627024296,0.0073944966239272245,0.6173561411468911,-35,10,Clarinet,arm,low,No
111,-0.5188686405003576,47,0.5699342498097182,0.5865203628932987,-49,0.7129831578073497,0.9765625,0.06664677211958783,0.011661933776778183,0.9981350433673468,0.0017442015306123972,0.058164802431182036,-0.0039060935627024296,0.0073944966239272245,0.5865203628932987,-49,10,Clarinet,head,low,No
112,-0.12093535163170595,51,0.5541618151480814,0.5076257629760114,-20,0.8304393858784251,1.3671875,0.0627633506173408,0.03032813023802701,0.7134429794520548,-0.00044845890410962825,0.03324929864503297,-0.0030947034227889864,0.0021977856145697296,0.4999735530443746,-21,11,Drum,arm,high,No
113,0.08154857728028336,0,0.08154857728028336,0.05967852943103617,-4,0.11182600018230632,0.390625,0.08944339256758947,0.013182386648849199,0.7134429794520548,-0.00044845890410962825,0.03324929864503297,-0.0030947034227889864,0.0021977856145697296,0.08188392700932867,-1,11,Drum,head,high,No
114,-0.02980743450986952,1276,0.07109529173595579,0.034887030639439987,17,0.11166790375684621,1.3671875,0.04904004510141362,0.007841691284659717,0.3296651162790698,0.00021337209302320261,0.010624809275162777,-0.0003375191033132307,0.0007642632893596359,0.03378105703297535,16,11,Cello,arm,high,No
115,-0.32554759842868186,16,0.3301788019038148,0.3420422574611059,-16,0.6128639044492971,2.9296875,0.10600400402400878,0.008626777167767427,0.3296651162790698,0.00021337209302320261,0.010624809275162777,-0.0003375191033132307,0.0007642632893596359,0.3420422574611059,-16,11,Cello,head,high,No
116,-0.02485917315028131,1044,0.08288026182368409,0.03639949160323395,-10,0.12087649814262781,7.421875,0.04961944043234323,0.00645368979537486,0.3549955414012738,-0.0006019108280254256,0.03997081049859353,-0.0027711230422172656,0.0015673013861664143,0.034593216191489,-11,11,Sax,arm,high,No
117,0.014587182541937164,42,0.12343758802315304,0.07591670156099302,7,0.22319336199063747,2.734375,0.0646214932504105,0.008334264716028765,0.3549955414012738,-0.0006019108280254256,0.03997081049859353,-0.0027711230422172656,0.0015673013861664143,0.07170457674381232,7,11,Sax,head,high,No
118,-0.098766911828167,39,0.11946552923090051,0.1131823823961553,35,0.16328875742777377,4.296875,0.05612177524293836,0.006963767277708824,0.6952365131578947,0.0017174342105263159,0.025590023964887975,-0.00027862219288149687,0.0037134906139341286,0.1099780558703422,-30,11,Piano,arm,high,No
119,-0.4850880956320061,35,0.4492185363320729,0.49346061277950426,-34,0.4931184638016459,1.3671875,0.077178313519418,0.014287351111750918,0.6952365131578947,0.0017174342105263159,0.025590023964887975,-0.00027862219288149687,0.0037134906139341286,0.49346061277950426,-34,11,Piano,head,high,No
120,-0.5249791836464847,46,0.6543032812184547,0.6657218823724178,-40,0.8698232156838528,1.171875,0.11085378520695256,0.017335460238119597,0.8566093220338984,0.0009805084745761463,0.03739071621797673,-0.0023296340305676197,0.004290650979719913,0.6657150733132252,-40,11,Accordion,arm,high,No
121,0.005790022986918752,101,0.1262886763930169,0.1233030996389906,16,0.547025696936894,4.6875,0.08907055960765425,0.012927906448817939,0.8566093220338984,0.0009805084745761463,0.03739071621797673,-0.0023296340305676197,0.004290650979719913,0.1245139375272769,16,11,Accordion,head,high,No
122,0.05182544145169791,476,0.6001813016361496,0.5672101627528123,-15,0.6898987750744551,1.5625,0.08082627354657718,0.02175104089327214,0.6127373563218391,-0.0007362068965517299,0.040449015714131266,-0.0036850878768417625,0.0022126740837383023,0.5647953533662682,-15,11,Clarinet,arm,high,No
123,0.15571517929611825,479,0.5132645279199377,0.4667218223270908,-11,0.6452110596381522,1.7578125,0.07801890339320194,0.012075534676099895,0.6127373563218391,-0.0007362068965517299,0.040449015714131266,-0.0036850878768417625,0.0022126740837383023,0.4583044944448614,-12,11,Clarinet,head,high,No
124,-0.02137335702553707,44,0.049606917996268374,0.02248203711120254,13,0.21767500092835532,1.953125,0.043729230621646846,0.020325930598231838,0.2501448859649123,1.2460526315761641e-05,0.00886545291874624,-0.00038678716821538675,0.00041170822084691004,0.0,-12,12,Drum,arm,low,No
125,0.3032796644553422,22,0.4047395832005738,0.42363112786409796,-3,0.7482405535859672,4.1015625,0.09529676860516678,0.009149064306261766,0.2501448859649123,1.2460526315761641e-05,0.00886545291874624,-0.00038678716821538675,0.00041170822084691004,0.4253393219010315,-3,12,Drum,head,low,No
126,-0.03619466766577996,1789,0.17949193230886074,0.16654909622250494,-12,0.4671025254984821,2.734375,0.09825218504522679,0.07583114349590761,0.3751010981543624,0.0003937273489933219,0.01396644830675001,-0.00038431234931015067,0.0011717670472967945,0.16644555751716725,-12,12,Cello,arm,low,No
127,-0.06948850279716123,1263,0.2788561279683211,0.26057872205814736,-12,0.37457920146657414,5.2734375,0.09977997661758604,0.012964054285286046,0.3751010981543624,0.0003937273489933219,0.01396644830675001,-0.00038431234931015067,0.0011717670472967945,0.2606833418872234,-12,12,Cello,head,low,No
128,-0.0067134797098583505,413,0.061206087212414405,0.033010718154352456,-9,0.27301308510792366,2.5390625,0.059132313202964214,0.03565366711476748,0.25667291399082565,0.00014035665137617854,0.0781893770249258,-0.003460687273095278,0.0037414005758476354,0.033000460766850856,-9,12,Sax,arm,low,No
129,-0.3250022138269214,14,0.3357369809610952,0.35073238255032413,-12,0.7595567495243958,4.1015625,0.0683263289810949,0.011248531715449388,0.25667291399082565,0.00014035665137617854,0.0781893770249258,-0.003460687273095278,0.0037414005758476354,0.35073238255032413,-12,12,Sax,head,low,No
130,0.05982974683109852,2355,0.05995445831857734,0.06520719270705659,-1,0.1186294296531355,6.4453125,0.05707208280023974,0.007542024840108748,0.6096190568181817,0.0012668409090910058,0.03777645786099649,-0.0014715081692052683,0.00400518998738728,0.06013623930305263,-1,12,Piano,arm,low,No
131,0.4448005344707508,0,0.4448005344707508,0.4467121767821837,-2,0.5227301275540939,1.5625,0.0686980380204546,0.013549989447385767,0.6096190568181817,0.0012668409090910058,0.03777645786099649,-0.0014715081692052683,0.00400518998738728,0.45449753543901134,-2,12,Piano,head,low,No
132,0.23374381437512576,142,0.29474697776434844,0.29068764168807043,-7,0.5223195359126,1.3671875,0.09783535113055129,0.01223355052397854,0.7503479764492753,-0.0006456865942028838,0.023621572658134738,-0.002579404753663265,0.0012880315652574973,0.2880256846856165,-7,12,Accordion,arm,low,No
133,0.6553447605780913,67,0.843151598246387,0.8642571109151322,-8,0.9532077537320184,1.3671875,0.09459248477878139,0.03319523970865143,0.7503479764492753,-0.0006456865942028838,0.023621572658134738,-0.002579404753663265,0.0012880315652574973,0.8593900256991549,-8,12,Accordion,head,low,No
134,-0.010742125918629086,2034,0.15104520801096064,0.1017668596239248,-54,0.2444831637952815,1.3671875,0.04619093428761603,0.00499951790874706,1.5002249958333331,-0.0003944624999996815,0.024648113198556733,-0.0034545367557254907,0.002665611755726128,0.1005800295377739,-55,12,Clarinet,arm,low,No
135,0.6334175324834529,0,0.6334175324834529,0.6557838726444988,-5,0.8455242069312896,0.78125,0.05692940959696931,0.013168386038189527,1.5002249958333331,-0.0003944624999996815,0.024648113198556733,-0.0034545367557254907,0.002665611755726128,0.6495225737857783,-5,12,Clarinet,head,low,No
136,0.08686038228462759,1219,0.09088026782109865,0.08653897436786524,-1,0.1683487802087075,3.125,0.05210812785070764,0.007946245479818015,0.32971762724550896,0.00019666616766468158,0.012205518081771219,-0.00044558794739704265,0.0008389202827264058,0.0882441499145971,-1,13,Drum,arm,high,Yes
137,0.47100255397682933,68,0.5085407159552284,0.5050761807826083,2,0.8619194040358628,3.125,0.1063852055763857,0.012621557287355492,0.32971762724550896,0.00019666616766468158,0.012205518081771219,-0.00044558794739704265,0.0008389202827264058,0.5041413289979868,2,13,Drum,head,high,Yes
138,-0.3721069973272623,91,0.5895031100966367,0.6305649802619874,-52,0.7086968686425851,0.78125,0.0693482771699348,0.038017671314060204,1.4308101015624999,0.0010666796875000717,0.0428151406847901,-0.004080049286164019,0.006213408661164163,0.6291761555362974,-52,13,Cello,arm,high,Yes
139,-0.028943987073867965,532,0.3366623594865006,0.34353182629023477,-41,0.5339175967967951,1.3671875,0.08864520730235015,0.010069036912146702,1.4308101015624999,0.0010666796875000717,0.0428151406847901,-0.004080049286164019,0.006213408661164163,0.3338169250855282,-41,13,Cello,head,high,Yes
140,-0.2598323362347294,102,0.5007511965272347,0.5101981105005289,-21,0.7778343469083941,1.7578125,0.05027673214425376,0.0066962687219656964,0.619257316860465,-0.0011790610465115174,0.07490131975677458,-0.006671296624171454,0.00431317453114842,0.5081200574517469,-21,13,Sax,arm,high,Yes
141,-0.48458783949866935,37,0.7334251161776384,0.7565038339640083,-24,0.8880440800333198,1.5625,0.07598485023448881,0.022689421555940305,0.619257316860465,-0.0011790610465115174,0.07490131975677458,-0.006671296624171454,0.00431317453114842,0.7553058839352448,-24,13,Sax,head,high,Yes
142,-0.05517088911376954,589,0.07045549515482144,0.05327729472872144,-12,0.22809850022361283,5.46875,0.05776378607258293,0.00808479596597543,0.24986519495412846,0.0002040711009174175,0.007522822792282106,-0.0001423955975240718,0.0005505377993589068,0.05327729472872144,-12,14,Drum,arm,low,Yes
143,-0.12441222324106867,167,0.2451375628373961,0.23870330341720028,-8,0.592362040780664,3.90625,0.09290163375996567,0.010302440041706783,0.24986519495412846,0.0002040711009174175,0.007522822792282106,-0.0001423955975240718,0.0005505377993589068,0.2385474617526176,-8,14,Drum,head,low,Yes
144,-0.2142197920028245,42,0.26166525306276744,0.2691906894305227,-32,0.24174501198158183,2.5390625,0.0551672960171498,0.02484117613381686,0.7499643115942028,2.6992753623259045e-05,0.02023526652510822,-0.0016295143260460227,0.0016834998332925408,0.2691076778527394,-32,14,Cello,arm,low,Yes
145,-0.026940968791448642,504,0.21933375349227424,0.21959513629547203,-22,0.7750435313473878,2.734375,0.1088523065579832,0.01687047674942519,0.7499643115942028,2.6992753623259045e-05,0.02023526652510822,-0.0016295143260460227,0.0016834998332925408,0.21822457049997138,-22,14,Cello,head,low,Yes
146,-0.06985169548428884,50,0.1221228469710414,0.1090192511770725,11,0.2599847333870325,2.734375,0.05500645871801545,0.0055456995442851684,0.38041040209790217,-0.00010410839160845526,0.027473568268360556,-0.001666377924262914,0.0014581611410460036,0.1053896615178095,11,14,Sax,arm,low,Yes
147,-0.2658868554109326,51,0.38500843515160815,0.39129598749601185,13,0.5152915546735247,2.734375,0.0763719008961024,0.012004925413522018,0.38041040209790217,-0.00010410839160845526,0.027473568268360556,-0.001666377924262914,0.0014581611410460036,0.38579144029516826,14,14,Sax,head,low,Yes
148,0.003287981395678277,2853,0.04832440280320861,0.012428426253059467,-5,0.20867651259094952,2.734375,0.06526772078537517,0.02137317811964603,0.25011756607929514,0.00015952643171808018,0.010299424918947928,-0.00030531942048691847,0.0006243722839230788,0.012335067650461303,-5,14,Piano,arm,low,Yes
149,0.028052703896442967,975,0.06313111888808512,0.03267840158798729,-2,0.13022158746928547,7.8125,0.06624677687455258,0.01317323532109958,0.25011756607929514,0.00015952643171808018,0.010299424918947928,-0.00030531942048691847,0.0006243722839230788,0.032644444320396475,-2,14,Piano,head,low,Yes
150,-0.512449081628587,39,0.5687865725797137,0.5665055038606839,-11,0.7763558606602787,4.1015625,0.12732152337686561,0.015694557874543026,0.2500112831858407,8.960176991150831e-05,0.005764569776104528,-0.00017114659485766552,0.00035035013468068217,0.5663336393469673,-11,14,Accordion,arm,low,Yes
151,0.01799358402893759,772,0.1354044248698872,0.09299819342970643,-6,0.3156566689580136,3.90625,0.08609272694565608,0.00824224501405297,0.2500112831858407,8.960176991150831e-05,0.005764569776104528,-0.00017114659485766552,0.00035035013468068217,0.09327572449365044,-6,14,Accordion,head,low,Yes
152,0.053729878269270635,120,0.29144688578975425,0.2967320001123348,-28,0.39099998970567007,0.5859375,0.0451799105949513,0.005230142876829779,1.4997441666666667,0.00036583333333326527,0.044914499143743354,-0.005210321783750335,0.005941988450416865,0.29006989785900844,-28,14,Clarinet,arm,low,Yes
153,0.40092240212986435,127,0.7679039835089861,0.7998317579119638,-23,0.9251235834456428,0.5859375,0.06919382653640194,0.021476747267767132,1.4997441666666667,0.00036583333333326527,0.044914499143743354,-0.005210321783750335,0.005941988450416865,0.7804933322147994,-24,14,Clarinet,head,low,Yes
154,-0.06784319264846378,119,0.08652689875914366,0.06562613381349998,36,0.15493538647821106,3.515625,0.05561407497522521,0.009660461995163811,0.8575700573770493,-0.0004904836065574733,0.02088807883439965,-0.0023091058269467213,0.0013281386138317744,0.06406217240920793,35,15,Drum,arm,high,Yes
155,0.2641467459821139,15,0.7303708964620506,0.7352290666859442,15,0.9101140788006623,1.171875,0.08588491012258216,0.01457883942656169,0.8575700573770493,-0.0004904836065574733,0.02088807883439965,-0.0023091058269467213,0.0013281386138317744,0.7311067301011599,15,15,Drum,head,high,Yes
156,0.008153500436203786,49,0.09772112052615296,0.08773228947937295,11,0.16331763148331574,0.5859375,0.05213313197468265,0.00952640625571023,0.38981627097902094,2.3036713286765682e-05,0.012450640288661542,-0.0006849621820520948,0.000731035608625626,0.08610934720991566,11,15,Cello,arm,high,Yes
157,-0.5053591511649558,53,0.7130604489233741,0.7084230454995323,14,0.8993521692891875,2.5390625,0.10678454750900016,0.01705174528900912,0.38981627097902094,2.3036713286765682e-05,0.012450640288661542,-0.0006849621820520948,0.000731035608625626,0.7054565144050093,14,15,Cello,head,high,Yes
158,-0.03506141080068965,251,0.16288170428506496,0.11207943543857182,-37,0.15427809117983893,1.3671875,0.04977894182374112,0.005768457063356238,1.4328654779411765,-0.00020615441176476696,0.04256169478514127,-0.005169658308869704,0.004757349485340169,0.1196045349323626,-35,15,Sax,arm,high,Yes
159,-0.04853745834649175,110,0.4631454650374224,0.4761936612646065,-34,0.7218240902099005,0.78125,0.05749953574423644,0.009693950233794792,1.4328654779411765,-0.00020615441176476696,0.04256169478514127,-0.005169658308869704,0.004757349485340169,0.4743068039801266,-34,15,Sax,head,high,Yes
160,-0.019408831530210464,159,0.12420406264903845,0.06743119735740637,16,0.20427687511652323,1.953125,0.05860988122044591,0.008295104092369958,0.6243916526162792,0.0023501031976743665,0.08935846449787052,-0.004202221106809969,0.008902427502158701,0.05990588447003613,16,15,Piano,arm,high,Yes
161,-0.06095464268411557,1076,0.21106977984406305,0.06414015767969816,32,0.19885087703294532,1.953125,0.06458201629012174,0.011235117673597469,0.6243916526162792,0.0023501031976743665,0.08935846449787052,-0.004202221106809969,0.008902427502158701,0.06285732555231222,31,15,Piano,head,high,Yes
162,-0.4858973754069457,165,0.5353730093503095,0.5110416334055603,13,0.7641835668563624,3.90625,0.13291049175340988,0.017516997000650795,0.2521530301339286,0.00023824665178570032,0.010786780371800574,-0.0002518443623429771,0.0007283376659143777,0.4984277853691125,-12,15,Accordion,arm,high,Yes
163,0.10525755368634387,448,0.3548806342942507,0.341185653955191,-5,0.4798355725157522,3.90625,0.11344352483426617,0.020178015277637268,0.2521530301339286,0.00023824665178570032,0.010786780371800574,-0.0002518443623429771,0.0007283376659143777,0.3410837855671154,-5,15,Accordion,head,high,Yes
164,0.057435606920075086,121,0.08949856760212725,0.0878190975757843,-4,0.7298151993405091,4.1015625,0.07393635767148737,0.05217521313204128,0.2500997767857143,9.843749999996487e-05,0.008095186865209023,-0.0002693625481685497,0.00046623754816847946,0.08798673647474013,-4,16,Drum,arm,low,Yes
165,0.02482636565191792,430,0.12057180300315833,0.08440570900032758,5,0.3357167623899929,3.90625,0.08886577405819977,0.009349140994983206,0.2500997767857143,9.843749999996487e-05,0.008095186865209023,-0.0002693625481685497,0.00046623754816847946,0.07946028558947214,5,16,Drum,head,low,Yes
166,-0.0773700518418034,28,0.06920585887920437,0.09338729841415039,25,0.15644910342361734,0.390625,0.0649820006788115,0.07729114624196423,0.7509615671641791,-0.0001481343283581736,0.03179043738470938,-0.002789131976729197,0.00249286332001285,0.06943557855334119,28,17,Drum,arm,low,No
167,-0.4262005510398124,26,0.625543804689711,0.633674390927837,26,0.8270779297345798,1.3671875,0.09536217827166302,0.017657286329269217,0.7509615671641791,-0.0001481343283581736,0.03179043738470938,-0.002789131976729197,0.00249286332001285,0.6275895915572773,26,17,Drum,head,low,No
168,-0.0769896106346367,426,0.06546918072417356,0.06533672180910359,41,0.2536895906925865,7.8125,0.060788825569021335,0.02796603239842942,1.0002769607843138,0.0013916666666666103,0.04645315367498067,-0.003031558296666413,0.005814891629999634,0.06011550249328867,-50,17,Cello,arm,low,No
169,-0.07487916319709438,57,0.21720072668913876,0.2376691191936648,-44,0.5876960465255179,1.953125,0.09780510258331906,0.010917176875497973,1.0002769607843138,0.0013916666666666103,0.04645315367498067,-0.003031558296666413,0.005814891629999634,0.23869408882891543,-44,17,Cello,head,low,No
170,0.03853445452104346,121,0.06873791386499886,0.04106889931183232,1,0.20554786164158503,1.3671875,0.0440344323717612,0.0044371129373021855,0.24776582969432315,0.000372598253275112,0.026227788010127838,-0.0008059648380050995,0.0015511613445553236,0.03904150925826231,1,17,Sax,arm,low,No
171,-0.19431675425089853,40,0.17585521897557765,0.2053978593060384,-10,0.539225659346515,3.90625,0.06880753314756022,0.009557839836051586,0.24776582969432315,0.000372598253275112,0.026227788010127838,-0.0008059648380050995,0.0015511613445553236,0.20503866852929706,-10,17,Sax,head,low,No
172,-0.04002472900029025,2272,0.10048069554477249,0.08394997732584052,26,0.13305561526360854,1.953125,0.0560432998531871,0.007561767715713748,0.7509764285714285,0.002143571428571416,0.043505111686526474,-0.0013923302529502508,0.005679473110093083,0.08195306524280827,25,17,Piano,arm,low,No
173,-0.21497372276423374,26,0.24350099616396084,0.24020393141615037,26,0.44065570109941765,2.734375,0.05727175295766997,0.006412157130863308,0.7509764285714285,0.002143571428571416,0.043505111686526474,-0.0013923302529502508,0.005679473110093083,0.24422281020669287,26,17,Piano,head,low,No
174,0.06477153141761602,1123,0.08556963504106863,0.06940342470679657,1,0.16526029803559564,4.296875,0.09807863826832539,0.010402785371024152,0.3751520695364238,7.640728476821141e-05,0.020593490186883324,-0.0010631873507451774,0.0012160019202816,0.06575825593763633,1,17,Accordion,arm,low,No
175,-0.14755176382949348,466,0.1928529626671741,0.14093534662641374,-18,0.3130042152711915,2.734375,0.06668776057579846,0.00814643429671694,0.3751520695364238,7.640728476821141e-05,0.020593490186883324,-0.0010631873507451774,0.0012160019202816,0.14093534662641374,-18,17,Accordion,head,low,No
176,-0.049289454288844,164,0.12508663409130188,0.11243314664108045,15,0.15914602688896354,1.953125,0.04388220290849043,0.0043963257471931715,0.49981113636363633,7.250000000000362e-05,0.023644274829890635,-0.0014604873420096464,0.0016054873420096535,0.10910928385705028,15,17,Clarinet,arm,low,No
177,0.4736290592505498,44,0.6189497440571113,0.6311312135008614,-6,0.8421328822302233,1.953125,0.06189587104275209,0.009506259085027882,0.49981113636363633,7.250000000000362e-05,0.023644274829890635,-0.0014604873420096464,0.0016054873420096535,0.6294100109045712,-6,17,Clarinet,head,low,No
178,0.020445134304673068,261,0.048617872707221774,0.05885716282472668,-24,0.2576721817349314,0.390625,0.06865190817887082,0.0824532499883437,0.5842023356741572,0.0002892373595506099,0.019893049615034714,-0.001144650788927663,0.001723125508028883,0.05901157817983549,-23,18,Drum,arm,high,No
179,-0.6994460591994428,29,0.7889296402260779,0.8046106989141044,-29,0.9689278445938693,1.7578125,0.09910183096111495,0.018500932289207867,0.5842023356741572,0.0002892373595506099,0.019893049615034714,-0.001144650788927663,0.001723125508028883,0.8046106989141044,-29,18,Drum,head,high,No
180,0.003138778957011144,3662,0.13684162008122336,0.09041205742961923,16,0.11346795781012627,2.5390625,0.05071779575787089,0.01433724632113428,0.7154828493150684,-0.0006811917808218884,0.021694370826097813,-0.002407802934267522,0.001045419372623745,0.08565999695519563,16,18,Cello,arm,high,No
181,-0.10922506152934662,93,0.20915976069690248,0.18542237583758772,23,0.3064711396883183,2.734375,0.09452199344609995,0.009443870269929005,0.7154828493150684,-0.0006811917808218884,0.021694370826097813,-0.002407802934267522,0.001045419372623745,0.17582956798069982,23,18,Cello,head,high,No
182,0.0038805637705019705,192,0.05915653837515555,0.04523636754414318,-6,0.17608839351067407,3.3203125,0.04299333827496971,0.0046419213348205144,0.25897406536697254,-1.4680045871622346e-05,0.051815873401282964,-0.002401081411409926,0.002371721319666681,0.04492331347617153,-6,18,Sax,arm,high,No
183,0.016269528310189574,459,0.12395087960852712,0.11389337825205022,7,0.26187836756402527,3.7109375,0.06502246757846966,0.0094085634101531,0.25897406536697254,-1.4680045871622346e-05,0.051815873401282964,-0.002401081411409926,0.002371721319666681,0.11898458240406641,7,18,Sax,head,high,No
184,-0.011382915741300615,218,0.07570475434217958,0.08105295019761462,-7,0.5123350383648957,2.734375,0.3720638996599221,0.10167841543182228,0.24976572398190044,-3.450226244343185e-05,0.010055424364037719,-0.0004944549697641894,0.0004254504448773257,0.08113845785498669,-7,19,Drum,arm,low,Yes
185,0.07017635518526774,5,0.2425794781837392,0.24031711995229008,5,0.7680463250745443,3.90625,0.10084670447488725,0.014543820528836949,0.24976572398190044,-3.450226244343185e-05,0.010055424364037719,-0.0004944549697641894,0.0004254504448773257,0.2428527706011434,5,19,Drum,head,low,Yes
186,0.03624279175009298,1055,0.09059236409178274,0.04098974039823417,4,0.19490732164364846,6.0546875,0.05396542881399223,0.01245759385222248,0.49968250000000003,-0.00018340909090914793,0.010983040607761166,-0.0008954995377343981,0.0005286813559161024,0.041641295317013494,4,19,Cello,arm,low,Yes
187,0.17871163478690108,954,0.24771514304198253,0.21218966099769918,4,0.5149368357374328,4.1015625,0.09920819235230113,0.01055443396227405,0.49968250000000003,-0.00018340909090914793,0.010983040607761166,-0.0008954995377343981,0.0005286813559161024,0.2108067645008094,4,19,Cello,head,low,Yes
188,-0.2503601697045222,247,0.2954873185903387,0.2928718173030837,-49,0.3814144021760249,0.9765625,0.05132859397306967,0.0067673096701613335,0.9981007211538462,-0.0008699519230769196,0.04217551941434512,-0.004847062635233414,0.0031071587890795747,0.2928718173030837,-49,19,Sax,arm,low,Yes
189,-0.39269501350342984,46,0.5485971175645079,0.561820874625622,46,0.7864866791811655,1.953125,0.0660607113820161,0.013805773022793197,0.9981007211538462,-0.0008699519230769196,0.04217551941434512,-0.004847062635233414,0.0031071587890795747,0.5507659286451435,46,19,Sax,head,low,Yes
190,0.018242306430133828,919,0.06751907251457154,0.03258173202248908,4,0.11356378870590249,3.515625,0.056797928853279174,0.007715596968310596,0.2692692786069652,-0.0008145522388060039,0.02640785142651548,-0.002081165270305783,0.000452060792693775,0.030753017921398843,5,19,Piano,arm,low,Yes
191,0.05249247573672177,174,0.10116342997487136,0.06920127796231475,3,0.16558372045352007,4.1015625,0.05838960852265932,0.006863953298693714,0.2692692786069652,-0.0008145522388060039,0.02640785142651548,-0.002081165270305783,0.000452060792693775,0.06747515343585597,3,19,Piano,head,low,Yes
192,-0.2136377936140631,27,0.29389981526849734,0.301900047560623,27,0.2857333054160104,1.3671875,0.10660970352174004,0.01736873752619594,0.7495889285714287,-0.0007617857142857692,0.025209396895537316,-0.0028106931970513747,0.0012871217684798366,0.29484339674314747,27,19,Accordion,arm,low,Yes
193,-0.3119916904083877,31,0.3919154027878297,0.40373007186240906,31,0.6375843332975701,2.734375,0.06961118083458585,0.010216328859001766,0.7495889285714287,-0.0007617857142857692,0.025209396895537316,-0.0028106931970513747,0.0012871217684798366,0.39325132572849525,31,19,Accordion,head,low,Yes
194,0.0567754784923581,1878,0.09211621422517977,0.06160357614377194,1,0.15299706233329582,4.1015625,0.04887551134213076,0.005373838997796601,0.25217362334801763,0.0001334251101321626,0.03424354267064702,-0.001412095042742659,0.0016789452630069843,0.05976020877584946,1,19,Clarinet,arm,low,Yes
195,0.05868681429114825,46,0.13263102480901182,0.12348676147931016,-4,0.47118569997439125,4.1015625,0.055459165687775265,0.008007506995669102,0.25217362334801763,0.0001334251101321626,0.03424354267064702,-0.001412095042742659,0.0016789452630069843,0.12390104946375327,-4,19,Clarinet,head,low,Yes
196,-0.01629011396154552,45,0.11873579937476401,0.10870308886611434,-19,0.6928620751335908,2.9296875,0.45077684084116953,0.10561482877185333,0.49420546931818193,0.0008409306818180942,0.03041140030233889,-0.0011308063264718576,0.0028126676901080463,0.10840142785503273,-19,20,Drum,arm,high,No
197,-0.3510036382015231,79,0.4079424045785195,0.40583733030929353,-20,0.7791031039573058,1.953125,0.11303960703064478,0.020384541647953593,0.49420546931818193,0.0008409306818180942,0.03041140030233889,-0.0011308063264718576,0.0028126676901080463,0.4054126998847832,-20,20,Drum,head,high,No
198,-0.36230924812449755,41,0.7712206700148584,0.748063121159058,-20,0.882505425505953,1.5625,0.1521070538948821,0.072387081467435,0.6126078650568182,-0.00029442187500003126,0.021101130514122858,-0.0018240057631182672,0.0012351620131182048,0.7477506913090035,-20,20,Cello,arm,high,No
199,-0.08706615133888004,139,0.22662429508986057,0.19487159656205758,17,0.46827116829076953,3.3203125,0.10839054168148023,0.011775217522560786,0.6126078650568182,-0.00029442187500003126,0.021101130514122858,-0.0018240057631182672,0.0012351620131182048,0.19392764143529312,17,20,Cello,head,high,No
200,-0.011862560953738837,349,0.14330643690562328,0.05761728795909842,72,0.12789594391323075,1.3671875,0.05238972671623832,0.008845139037882654,1.4353781553030303,0.000541662878787965,0.052822106279907,-0.005711038063029326,0.006794363820605257,0.057619879457548984,71,20,Sax,arm,high,No
201,0.09437106889122569,2427,0.1320248415403001,0.09362909471273356,-2,0.21037905349305122,3.515625,0.05614525178852651,0.006840645110674135,1.4353781553030303,0.000541662878787965,0.052822106279907,-0.005711038063029326,0.006794363820605257,0.09614623267046468,-3,20,Sax,head,high,No
202,0.05513526949236996,1092,0.12358517710821108,0.07245659427647591,-3,0.19565499793973706,2.34375,0.05950951348244296,0.007706782291028411,0.42331433042635663,-0.000707741279069802,0.03228112956166375,-0.00264043386409496,0.001224951305955356,0.06678679396872134,-4,20,Piano,arm,high,No
203,-0.3801608169497533,149,0.4121146223980732,0.4213704697072009,-19,0.49634341024157863,2.5390625,0.07328170719397449,0.014820591724141042,0.42331433042635663,-0.000707741279069802,0.03228112956166375,-0.00264043386409496,0.001224951305955356,0.4212295013782866,-19,20,Piano,head,high,No
204,-0.0835823856556265,261,0.21629683045817863,0.2010283879474561,-12,0.430408741102664,2.5390625,0.10324405671673281,0.010667551970266705,0.3893283012152778,7.465711805555565e-05,0.014051433829997994,-0.000721590798977664,0.0008709050350887754,0.19998216027540977,-12,20,Accordion,arm,high,No
205,-0.32438562389134173,26,0.7147989126322738,0.7249864397934658,-13,0.9003654349545643,2.5390625,0.11215769715507333,0.01970685195017296,0.3893283012152778,7.465711805555565e-05,0.014051433829997994,-0.000721590798977664,0.0008709050350887754,0.724885129033556,-13,20,Accordion,head,high,No
206,-0.17173611822628276,84,0.37859062725742565,0.3699637998106706,8,0.7254253216279772,3.90625,0.0598702119590595,0.007728496239819653,0.2545397090707964,0.0004622245575221693,0.030441798776263632,-0.0009147471090272352,0.0018391962240715738,0.3654955772439885,8,20,Clarinet,arm,high,No
207,-0.014427394870613612,182,0.14588883466064864,0.1314482575518612,7,0.5533158341077496,3.90625,0.06084585463011974,0.00920705997833845,0.2545397090707964,0.0004622245575221693,0.030441798776263632,-0.0009147471090272352,0.0018391962240715738,0.13297986830184963,7,20,Clarinet,head,high,No
208,-0.008978448537060575,264,0.02523986385247901,0.025070045686638412,-37,0.5992706016575754,4.1015625,0.2350022908588964,0.07893964185401403,0.7500637807971015,0.0004709438405797385,0.020409432670671593,-0.001199820894297912,0.002141708575457389,0.025070045686638412,-37,21,Drum,arm,low,Yes
209,0.0069687636460857,1464,0.05945011970173675,0.014414205739235839,-5,0.20748874494062278,3.90625,0.10040002740829501,0.011152275384460677,0.7500637807971015,0.0004709438405797385,0.020409432670671593,-0.001199820894297912,0.002141708575457389,0.01204377693275439,-17,21,Drum,head,low,Yes
210,-0.2668437988471505,44,0.3638688742608736,0.4048485311211438,-31,0.28246513570962495,1.3671875,0.07473821839871435,0.042047709888137406,0.7500757807971015,0.00046346557971017546,0.020660734394544574,-0.0012278713124065292,0.00215480247182688,0.4053198321891741,-31,21,Cello,arm,low,Yes
211,-0.13044837146346755,267,0.17900114408892717,0.15130488923284105,-34,0.49530194495421176,2.734375,0.10139790397524236,0.011884816543022139,0.7500757807971015,0.00046346557971017546,0.020660734394544574,-0.0012278713124065292,0.00215480247182688,0.1514406748642738,37,21,Cello,head,low,Yes
212,0.023394806707381647,935,0.0756161847804305,0.02954603477763326,-2,0.17833372518943752,0.390625,0.04576864978033584,0.004625663591989147,0.37957936276223775,-2.1670454545423498e-05,0.05511225863663377,-0.003155599098351814,0.003112258189260967,0.027758216203578746,-2,21,Sax,arm,low,Yes
213,0.12464974123124002,155,0.22070089273258042,0.194121683465757,5,0.5347997096627135,2.734375,0.0608523792387178,0.0067679070149781,0.37957936276223775,-2.1670454545423498e-05,0.05511225863663377,-0.003155599098351814,0.003112258189260967,0.19781095418261946,5,21,Sax,head,low,Yes
214,0.0013930354197463487,982,0.08547299533684807,0.02273672519539238,6,0.19613686510317216,1.5625,0.061572128302744875,0.008008210805891912,0.3746888203125,-7.68411458333519e-05,0.018052037214778195,-0.0010997899213374498,0.000946107629670746,0.014718640320118107,6,21,Piano,arm,low,Yes
215,0.020686817615842505,46,0.307174437701865,0.30221136836124324,9,0.6872415186575098,2.734375,0.06411181338089031,0.011558794181800796,0.3746888203125,-7.68411458333519e-05,0.018052037214778195,-0.0010997899213374498,0.000946107629670746,0.29841052548267955,9,21,Piano,head,low,Yes
216,0.5834338578669915,44,0.8004772653513627,0.823501961534337,-6,0.9521539587936964,1.953125,0.26815902848183515,0.08845684590040968,0.50464063317757,6.845093457954124e-05,0.04886045522129505,-0.0031435416409193785,0.003280443510078461,0.8180229433109232,-6,21,Accordion,arm,low,Yes
217,0.5854222021929935,2,0.6047612372120642,0.6092643946846514,2,0.8009870315422543,1.953125,0.08629064634177369,0.01437500741386186,0.50464063317757,6.845093457954124e-05,0.04886045522129505,-0.0031435416409193785,0.003280443510078461,0.6049287245453557,2,21,Accordion,head,low,Yes
218,-0.16830435744809605,199,0.23634077365232453,0.23779080662973648,-27,0.4150045369599211,1.3671875,0.04576244629398885,0.0047087800969778685,0.7500492119565217,0.0003088750000000007,0.030325787445593833,-0.002173666138652155,0.0027914161386521563,0.24076717924402927,-27,21,Clarinet,arm,low,Yes
219,-0.4842498288814822,45,0.5943230169907527,0.6144533956042717,-30,0.8361525425791666,1.3671875,0.07191033724955098,0.014372595894128126,0.7500492119565217,0.0003088750000000007,0.030325787445593833,-0.002173666138652155,0.0027914161386521563,0.6144935352333819,-30,21,Clarinet,head,low,Yes
220,-0.008204137722241609,1322,0.021599724302974098,0.006325660626764405,13,0.176186021406078,7.8125,0.1269492066830546,0.13618813422737763,0.25968862559241707,6.682464454974489e-05,0.009402541058234501,-0.0003733377377542996,0.0005069870268537894,0.0012789308943978242,12,22,Drum,arm,high,Yes
221,0.2807692941916987,467,0.31572601281202245,0.2898368889617503,-1,0.6510554426848827,3.90625,0.09275709748860222,0.009000138720327702,0.25968862559241707,6.682464454974489e-05,0.009402541058234501,-0.0003733377377542996,0.0005069870268537894,0.28763720265438786,-1,22,Drum,head,high,Yes
222,0.02689326911737848,2221,0.08424147233536544,0.04676096720876377,-8,0.2941417215161965,6.640625,0.06369808564539005,0.033031409547763235,0.6358317771084336,0.0267115963855423,0.2952618903649311,0.004673338414178951,0.04874985435690565,0.044498746037973394,-8,22,Cello,arm,high,Yes
223,-0.08135078674819583,41,0.25535882918413133,0.12280387852826509,32,0.7372143403410114,2.34375,0.1082472173436737,0.019583930186522526,0.6358317771084336,0.0267115963855423,0.2952618903649311,0.004673338414178951,0.04874985435690565,0.09908246533678493,31,22,Cello,head,high,Yes
224,0.0026465257661958154,1506,0.09077178339722912,0.05058464108525281,-6,0.20857913454311314,5.2734375,0.05057762777864534,0.005659176470969137,0.2567251162790698,-4.837209302329799e-05,0.017315443264502194,-0.0008513864248665572,0.0007546422388199611,0.049741068085002615,-6,22,Sax,arm,high,Yes
225,0.09627494244135912,370,0.23684087106650936,0.16284330538895955,-4,0.3415133015866821,4.1015625,0.08005286590883803,0.008538099267729353,0.2567251162790698,-4.837209302329799e-05,0.017315443264502194,-0.0008513864248665572,0.0007546422388199611,0.16150332339339615,-4,22,Sax,head,high,Yes
226,-0.007038440393402765,1486,0.04195476296093382,0.02174683585688707,12,0.19682829623772968,0.9765625,0.05807288645456453,0.008040448629641001,0.2384463656387665,-0.0002578193832598995,0.010778296478532137,-0.0007442782342452609,0.0002286394677254618,0.025987559229857557,11,22,Piano,arm,high,Yes
227,-0.004577025924283065,957,0.10716829160055273,0.06872888710000247,6,0.3133135232834993,4.1015625,0.07967449115838965,0.013407444587294428,0.2384463656387665,-0.0002578193832598995,0.010778296478532137,-0.0007442782342452609,0.0002286394677254618,0.0698397135787934,6,22,Piano,head,high,Yes
228,0.023697457504425742,1386,0.03360276622894096,0.025327175419553195,0,0.21457356905881486,4.1015625,0.10702249166794572,0.010782146930290034,0.1646343304843305,-9.544159544158889e-06,0.01541988156444339,-0.0005692197840205073,0.0005501314649321895,0.023697457504425742,0,22,Accordion,arm,high,Yes
229,0.0035230580700168165,960,0.1058390989236791,0.053832882165247446,5,0.31543818378494937,6.0546875,0.09011294070383886,0.018299125268037845,0.1646343304843305,-9.544159544158889e-06,0.01541988156444339,-0.0005692197840205073,0.0005501314649321895,0.053780070798853025,5,22,Accordion,head,high,Yes
230,-0.027707787070990576,1395,0.10104602242768382,0.03449684562481378,-17,0.1811636254592363,4.1015625,0.045219789888074305,0.0046387742802776535,0.6122090517241379,-0.00032169540229880016,0.045296430562976955,-0.003623970629617262,0.002980579825019662,0.032283809889287224,-17,22,Clarinet,arm,high,Yes
231,0.5285871521110208,57,0.5720505268560392,0.6031501826681982,-5,0.8081719443831609,1.5625,0.08764678747974117,0.015420437125648938,0.6122090517241379,-0.00032169540229880016,0.045296430562976955,-0.003623970629617262,0.002980579825019662,0.59962747626252,-5,22,Clarinet,head,high,Yes
232,-0.039319516015732574,200,0.08414871152244927,0.049660325528798045,-22,0.8926977665252624,4.1015625,0.3514459888339357,0.14535468829235096,0.750510294117647,-0.00024852941176468175,0.01866200157454095,-0.0017874374853101905,0.001290378661780827,0.0478007377161369,-23,23,Drum,arm,low,Yes
233,-0.11390777454739535,94,0.6361013778560695,0.6406119354467278,19,0.9373202686472778,1.3671875,0.11090851728180087,0.018896444007337608,0.750510294117647,-0.00024852941176468175,0.01866200157454095,-0.0017874374853101905,0.001290378661780827,0.630400311717648,19,23,Drum,head,low,Yes
234,-0.6615986486046131,42,0.8333646888176879,0.8345256252470403,42,0.9529517807695145,0.9765625,0.145467430067762,0.10155954385631835,1.0002061224489798,-0.00023469387755117128,0.020381083666689063,-0.002214570576600966,0.0017451828214986235,0.8369416782025423,42,23,Cello,arm,low,Yes
235,0.5969062665221561,100,0.6030146011044732,0.6005764303584049,0,0.8339203298649569,1.953125,0.1060577644193304,0.02297028315143919,1.0002061224489798,-0.00023469387755117128,0.020381083666689063,-0.002214570576600966,0.0017451828214986235,0.5969062665221561,0,23,Cello,head,low,Yes
236,-0.08479118725667127,33,0.14652288461498664,0.1819558989407379,-17,0.3129646528451386,1.953125,0.04864588239515123,0.0049937550328428325,0.5026835572429906,0.000643807242990655,0.058061985831835645,-0.003173076299455319,0.004460690785436629,0.1817581621215618,-17,23,Sax,arm,low,Yes
237,0.31596224819920526,0,0.31596224819920526,0.3312114301643648,-2,0.5310029328202536,1.953125,0.07634979948739218,0.008474167419535862,0.5026835572429906,0.000643807242990655,0.058061985831835645,-0.003173076299455319,0.004460690785436629,0.33176529960523615,-2,23,Sax,head,low,Yes
238,-0.02788206033411184,181,0.05523105173494814,0.03851483094171376,-37,0.18369935840402746,6.0546875,0.05807050646066222,0.00764561291198038,0.7503929347826087,-0.0006610507246377158,0.018898121160762428,-0.002208095902244212,0.0008859944529687805,0.03851483094171376,-37,23,Piano,arm,low,Yes
239,-0.08050753591681116,18,0.7007439381943966,0.7016596798441775,18,0.8654097380651797,1.3671875,0.07443947698302371,0.017341342348173038,0.7503929347826087,-0.0006610507246377158,0.018898121160762428,-0.002208095902244212,0.0008859944529687805,0.7021225041319582,18,23,Piano,head,low,Yes
240,-0.006452390684985905,261,0.16221296488124087,0.12471811771905639,-41,0.25496506594708745,1.953125,0.10966713074807474,0.011540101734597194,1.4989544354838713,0.0002842741935479323,0.04432156452795911,-0.005128789635125505,0.005697338022221369,0.1251032568185662,-41,23,Accordion,arm,low,Yes
241,-0.20094280110827112,105,0.7853387154531218,0.8023639601075178,-45,0.9547175423012235,0.5859375,0.07599547943759832,0.02574092564925721,1.4989544354838713,0.0002842741935479323,0.04432156452795911,-0.005128789635125505,0.005697338022221369,0.7989205247308068,-45,23,Accordion,head,low,Yes
242,-0.01855758988251032,61,0.07459939703238717,0.06119999527813702,-15,0.16104390042267275,7.2265625,0.04628203706261067,0.005246500693181182,0.3830636078767124,0.0020240633561643346,0.06368953048337914,-0.0015602051158204577,0.005608331828149127,0.061500105339711474,-14,23,Clarinet,arm,low,Yes
243,-0.24694269649702313,18,0.27995246379752214,0.28100698615217234,18,0.7460771968786064,2.734375,0.07755221409860295,0.018356167316147934,0.3830636078767124,0.0020240633561643346,0.06368953048337914,-0.0015602051158204577,0.005608331828149127,0.2805365575929311,18,23,Clarinet,head,low,Yes
244,0.03911143316260463,11,0.052758785380058536,0.013921687009227293,26,0.38836722414319097,0.390625,0.04646272006982435,0.027744803355058936,0.8575429708333332,-0.0012009541666665013,0.03161225969435053,-0.003976119287529782,0.00157421095419678,0.05287445004177837,11,24,Drum,arm,high,Yes
245,-0.05130076785052677,113,0.15038204843336278,0.13953650050171085,29,0.2679777854453879,1.171875,0.09369488114386164,0.01831295812683001,0.8575429708333332,-0.0012009541666665013,0.03161225969435053,-0.003976119287529782,0.00157421095419678,0.14386629957164657,28,24,Drum,head,high,Yes
246,-9.844068803980495e-05,1488,0.06770201026524815,0.00997975817604349,-2,0.15635607137674176,4.6875,0.05048601014578947,0.009734363003039533,0.2532089746696035,-2.0560572687219095e-05,0.017934154722926962,-0.0008299860990016398,0.0007888649536272015,0.005111021485010065,-2,24,Cello,arm,high,Yes
247,0.02224374137565597,32,0.16563439775910158,0.15513639189201583,6,0.44060227312043654,3.90625,0.09814677249023714,0.01464383660817654,0.2532089746696035,-2.0560572687219095e-05,0.017934154722926962,-0.0008299860990016398,0.0007888649536272015,0.1554088506288733,6,24,Cello,head,high,Yes
248,-0.01801556412948456,608,0.15830105013041681,0.06850374087648799,19,0.27479062473449123,2.1484375,0.04663360882681646,0.005100125103871395,0.6311945897058824,0.0022336455882352784,0.033735856558807176,-0.00025458824655495054,0.004721879423025507,0.06280011630082588,19,24,Sax,arm,high,Yes
249,0.30316166215704854,2,0.3111905012677362,0.3210192488955528,2,0.5170212113319462,1.7578125,0.06730994775392846,0.010667071904486234,0.6311945897058824,0.0022336455882352784,0.033735856558807176,-0.00025458824655495054,0.004721879423025507,0.31126194346543573,2,24,Sax,head,high,Yes
250,0.015854043987651542,105,0.0451600401531551,0.037569731111041574,7,0.17472880269470786,1.953125,0.05884625685112678,0.007293528577993075,0.32957555190058485,0.00021940716374263048,0.009635737802489377,-0.0002816598710416501,0.0007204741985269111,0.03815691547342769,7,24,Piano,arm,high,Yes
251,-0.5695518586774636,81,0.5708419614552368,0.5604323487286637,15,0.8351333612896449,2.9296875,0.07423608369836711,0.009366587702655941,0.32957555190058485,0.00021940716374263048,0.009635737802489377,-0.0002816598710416501,0.0007204741985269111,0.5578272591445848,15,24,Piano,head,high,Yes
252,-0.08402726329245262,470,0.2830421030055439,0.2760720872024099,41,0.3432643029613,0.78125,0.08163407260788155,0.018547594588267102,1.42877949609375,-0.0003966835937500579,0.06337426734065517,-0.008014787205932149,0.007221420018432034,0.2777582567766426,41,24,Accordion,arm,high,Yes
253,-0.2323826569193046,44,0.5208541146501412,0.5284270325280749,44,0.6984826996635534,0.78125,0.06597888691573807,0.012348789996418965,1.42877949609375,-0.0003966835937500579,0.06337426734065517,-0.008014787205932149,0.007221420018432034,0.5230767151221187,44,24,Accordion,head,high,Yes
254,-0.005223954576628147,1580,0.10994000272308466,0.04504896589191849,14,0.1317622914550212,0.9765625,0.04486908094111406,0.004743787817991191,0.3842565911458333,2.7276909722213143e-05,0.03123679030478494,-0.0017428078742156004,0.0017973616936600265,0.03799579088805189,14,24,Clarinet,arm,high,Yes
255,-0.0898370995517776,451,0.19214004553405328,0.16701267271018158,-15,0.42880254189289585,2.5390625,0.07611177323491007,0.01911636553828231,0.3842565911458333,2.7276909722213143e-05,0.03123679030478494,-0.0017428078742156004,0.0017973616936600265,0.16741692782622328,-15,24,Clarinet,head,high,Yes
