,cc,coh,coh_freq,mean_motion,std_motion,mean_tempo,mean_tempo_dev,std_tempo_dev,ci68-min_dev,ci68-max_dev,dphase_cc,dphase,exp_n,musician,riot_type,factor1,factor2
0,-0.05922063060323092,0.47265233188203376,1.953125,0.07274272875124105,0.04115745083711386,0.999620663265306,0.0003528061224491271,0.01740720910369193,-0.0013381799047666606,0.0020437921496649146,0.17569717706639068,22,1,Cello,arm,low,No
1,-0.06200480610953333,0.24996543179676167,1.953125,0.0875783171514698,0.008215089527470465,0.999620663265306,0.0003528061224491271,0.01740720910369193,-0.0013381799047666606,0.0020437921496649146,0.13582306774878022,-35,1,Cello,head,low,No
2,0.09173150404376047,0.16618768658618374,5.6640625,0.07060453883558375,0.08394544751203077,0.3750919520547945,0.00020188356164385635,0.01895854245092136,-0.0008650501316317769,0.0012688172549194896,0.1051379755025317,-3,1,Drum,arm,low,No
3,0.4406751974306466,0.776824229263207,2.734375,0.09485196627252747,0.011800887730075534,0.3750919520547945,0.00020188356164385635,0.01895854245092136,-0.0008650501316317769,0.0012688172549194896,0.6088346511680387,4,1,Drum,head,low,No
4,0.02754907721663297,0.1676858685611061,7.421875,0.055513445761491066,0.007787537190355369,0.977516037735849,0.01587264150943394,0.07921462524668386,0.00847358490356332,0.023271698115304558,0.06693933411772109,-9,1,Piano,arm,low,No
5,-0.016665852349427197,0.2405829566613058,3.515625,0.05666097926158892,0.008549413637401984,0.977516037735849,0.01587264150943394,0.07921462524668386,0.00847358490356332,0.023271698115304558,0.1858418208044773,-27,1,Piano,head,low,No
6,-0.2640872242207573,0.8807147653260431,4.1015625,0.09081840395919455,0.01231162085646052,0.2500203539823009,0.00010000000000000716,0.008164732699341109,-0.0002693147594388581,0.0004693147594388724,0.46818149301780937,8,1,Accordion,arm,low,No
7,-0.0038126713889664893,0.8569684776196401,3.90625,0.07082016791708008,0.008039872042794287,0.2500203539823009,0.00010000000000000716,0.008164732699341109,-0.0002693147594388581,0.0004693147594388724,0.49584143921520424,-6,1,Accordion,head,low,No
8,0.012400713261317082,0.1451117863588681,4.296875,0.04087144677489221,0.004433546014056637,2.591422321428571,0.16098482142857184,0.9089423857777051,-0.004204226749286333,0.32617386960643,0.04125726562191007,-26,1,Clarinet,arm,low,No
9,0.3324069254766525,0.8467494843405547,0.390625,0.07209569410972039,0.02550134692685717,2.591422321428571,0.16098482142857184,0.9089423857777051,-0.004204226749286333,0.32617386960643,0.48305261005423444,-34,1,Clarinet,head,low,No
10,0.17168023096373625,0.18398673371356508,0.5859375,0.04423732372599552,0.005503536060748632,1.6332712962962963,0.02519907407407409,0.16771902388797946,0.003250346060352946,0.04714780208779523,0.18323880407878765,6,1,Sax,arm,low,No
11,0.35738759112627894,0.416418866726474,0.78125,0.060624895387897476,0.011225855688102412,1.6332712962962963,0.02519907407407409,0.16771902388797946,0.003250346060352946,0.04714780208779523,0.37728935133168917,-9,1,Sax,head,low,No
12,0.1848103387571135,0.6255353735623516,1.5625,0.08425688743335798,0.04328815540912224,1.4281386718750002,-0.0003667968750001305,0.03773065095495135,-0.004902328730301024,0.004168734980300763,0.4246117059703494,20,2,Cello,arm,high,No
13,-0.026504230192541185,0.5585902464979565,2.734375,0.0949596373251906,0.012264368857934806,1.4281386718750002,-0.0003667968750001305,0.03773065095495135,-0.004902328730301024,0.004168734980300763,0.2884402596019037,30,2,Cello,head,high,No
14,-0.1234011044650969,0.2459305204351529,6.640625,0.07676207037024267,0.09413538983159901,0.3298218255988024,-0.00012759206586829757,0.01673815023903487,-0.0010083531935419134,0.0007531690618053184,0.19524754170784003,11,2,Drum,arm,high,No
15,-0.2780498948492,0.7078063014744107,3.125,0.09250627429862036,0.013405302132365737,0.3298218255988024,-0.00012759206586829757,0.01673815023903487,-0.0010083531935419134,0.0007531690618053184,0.2979197948320716,-15,2,Drum,head,high,No
16,0.016141073230852086,0.11623245047090552,4.1015625,0.05806103007247047,0.00769014023542322,0.35181189042207794,8.799918831164283e-05,0.02478490777489185,-0.0012701136652339723,0.001446112041857258,0.03973478364701863,-7,2,Piano,arm,high,No
17,-0.14322727406354718,0.30310578904816904,2.734375,0.05507085402336463,0.00630948861955611,0.35181189042207794,8.799918831164283e-05,0.02478490777489185,-0.0012701136652339723,0.001446112041857258,0.14580131870674934,-17,2,Piano,head,high,No
18,-0.7290158942826803,0.9618168086938726,2.5390625,0.1112599252558355,0.019012911461382363,0.38961946010638304,9.345478723397807e-05,0.01948948751531912,-0.0010226366486767217,0.0012095462231446778,0.8137570351617955,-18,2,Accordion,arm,high,No
19,-0.1180732592284488,0.8012893627543148,2.5390625,0.08716950294803134,0.020167757240215155,0.38961946010638304,9.345478723397807e-05,0.01948948751531912,-0.0010226366486767217,0.0012095462231446778,0.6971219525453484,-11,2,Accordion,head,high,No
20,0.03274907662176826,0.11579987407035543,5.6640625,0.04167069088117009,0.00457212799129468,1.42845148828125,0.000605792968750074,0.04561221451420201,-0.004877167083197636,0.006088753020697784,0.02930267376947698,-3,2,Clarinet,arm,high,No
21,0.04053950048998925,0.23866530361581575,4.1015625,0.0608672782330325,0.008926205270010623,1.42845148828125,0.000605792968750074,0.04561221451420201,-0.004877167083197636,0.006088753020697784,0.05084722984675591,-14,2,Clarinet,head,high,No
22,0.004853632336231086,0.16438570979944037,6.4453125,0.07192144313231823,0.035612918460483325,0.2383558016877637,-0.00028238396624471736,0.07595056193856183,-0.0036371769892838573,0.003072409056794423,0.0076256252217163315,-11,2,Sax,arm,high,No
23,-0.22223331651721662,0.6661045678215715,4.296875,0.06682176617982145,0.010901453408871586,0.2383558016877637,-0.00028238396624471736,0.07595056193856183,-0.0036371769892838573,0.003072409056794423,0.252283606989208,-11,2,Sax,head,high,No
24,-0.020843532419738065,0.19035911937246547,1.5625,0.04814564259339621,0.005385924548253089,0.2499307138888889,2.9192777777758232e-05,0.005662340896774829,-0.0002275000095427007,0.0002858855650982172,0.043726156525764094,8,3,Cello,arm,low,No
25,0.018614108875494143,0.435836361124005,8.0078125,0.08969118577016898,0.008263773688336655,0.2499307138888889,2.9192777777758232e-05,0.005662340896774829,-0.0002275000095427007,0.0002858855650982172,0.05825570184357364,5,3,Cello,head,low,No
26,0.00039781820554742926,0.24967823070463283,0.390625,0.0503814127289366,0.03259914541714057,0.24883921917040358,9.519786995516996e-05,0.022338413618417596,-0.0009220078865972241,0.001112403626507564,0.018389004301113836,9,3,Drum,arm,low,No
27,-0.03277394753747717,0.26195307474644924,1.953125,0.09873408431421296,0.014620581587774127,0.24883921917040358,9.519786995516996e-05,0.022338413618417596,-0.0009220078865972241,0.001112403626507564,0.01441866564111989,-12,3,Drum,head,low,No
28,-0.06875909674753329,0.1805535607752293,8.59375,0.05377626517331832,0.006621673292903808,1.499084594827586,-0.0015810086206894277,0.030753052987236528,-0.005464283651309772,0.002302266409930917,0.05686486596295459,-66,3,Piano,arm,low,No
29,0.21450482288441328,0.8217395286939074,0.5859375,0.05671551403528641,0.010604628932716261,1.499084594827586,-0.0015810086206894277,0.030753052987236528,-0.005464283651309772,0.002302266409930917,0.6136675012746983,25,3,Piano,head,low,No
30,0.02939151002460153,0.9197778157380343,1.953125,0.1035732543958155,0.018836606314770042,0.49977407727272716,-9.681818180890484e-07,0.02208469414419524,-0.001432839398794742,0.0014309030351585639,0.7317854062427939,11,3,Accordion,arm,low,No
31,-0.46716251355379895,0.7980455207595195,4.1015625,0.08669785325929333,0.01193939351874615,0.49977407727272716,-9.681818180890484e-07,0.02208469414419524,-0.001432839398794742,0.0014309030351585639,0.4015686660627362,18,3,Accordion,head,low,No
32,-0.28264735558593135,0.6343679798021243,1.3671875,0.05046843026178248,0.008133798811881109,0.7537900742753624,-0.0026303641304348756,0.04324328211748949,-0.006170362127835817,0.0009096338669660653,0.5252262672827465,24,3,Clarinet,arm,low,No
33,-0.03304096631392053,0.6670777340786077,1.3671875,0.0934169330448733,0.024070440997007343,0.7537900742753624,-0.0026303641304348756,0.04324328211748949,-0.006170362127835817,0.0009096338669660653,0.6561314367635013,18,3,Clarinet,head,low,No
34,0.035415767950074506,0.14647659982175576,5.859375,0.05603628086157462,0.029466975235097493,0.7508531630434783,-0.0007094528985507492,0.03314371713652722,-0.0034226764686524445,0.002003770671550946,0.038117696572525867,6,3,Sax,arm,low,No
35,0.012949051297726513,0.6072840970824023,1.3671875,0.06394998987344234,0.011893756109101646,0.7508531630434783,-0.0007094528985507492,0.03314371713652722,-0.0034226764686524445,0.002003770671550946,0.44327491272318476,16,3,Sax,head,low,No
36,-0.044053624113339115,0.2823008899042055,2.5390625,0.0530182614904679,0.016187535466587806,0.38963741319444445,-0.00010477430555554267,0.019346600440176127,-0.0012010816638321898,0.0009915330527211046,0.20854706126602637,12,4,Cello,arm,high,No
37,0.030233787485991467,0.2132743012851026,6.8359375,0.09175064956718557,0.008493372729616314,0.38963741319444445,-0.00010477430555554267,0.019346600440176127,-0.0012010816638321898,0.0009915330527211046,0.048579586196249844,6,4,Cello,head,high,No
38,0.06418910347780221,0.4656653487597424,0.1953125,0.04221156675762485,0.01183313115096685,0.7122821421232877,0.0010189400684931984,0.024353392673415592,-0.0009192972628045955,0.002957177399790992,0.08106389892310238,-30,4,Drum,arm,high,No
39,-0.0890540508082081,0.17664437933914312,6.25,0.08343733288759503,0.012484825445565326,0.7122821421232877,0.0010189400684931984,0.024353392673415592,-0.0009192972628045955,0.002957177399790992,0.0979660566840229,27,4,Drum,head,high,No
40,-0.11254334178520023,0.16334542256773144,1.5625,0.058261844359733556,0.007809598068642584,0.6592367088607596,-0.00027594936708869245,0.01840942533582534,-0.001684380443255683,0.001132481709078298,0.11265924989142578,-26,4,Piano,arm,high,No
41,-0.3538565921108435,0.7927510121008939,1.5625,0.07432105818416099,0.013334156281927368,0.6592367088607596,-0.00027594936708869245,0.01840942533582534,-0.001684380443255683,0.001132481709078298,0.568022389784731,-28,4,Piano,head,high,No
42,-0.03714371967344376,0.8428006721259015,1.171875,0.08635475864467827,0.01686877294187654,0.8574792987288136,-0.0009475190677966141,0.053225493283356164,-0.0056594899925411744,0.0037644518569479465,0.6140990866603206,21,4,Accordion,arm,high,No
43,-0.28183493238177887,0.7144331773395026,1.171875,0.05777818973223533,0.008545391174290186,0.8574792987288136,-0.0009475190677966141,0.053225493283356164,-0.0056594899925411744,0.0037644518569479465,0.509859761924848,28,4,Accordion,head,high,No
44,0.003936784262775324,0.20683828518902164,2.5390625,0.04134355212287944,0.005436166847995171,0.2576332840909091,-0.00034540681818181205,0.06205230607390423,-0.0031902314411794324,0.002499417804815808,0.019266133430825616,-6,4,Clarinet,arm,high,No
45,0.053247662207407176,0.22619816011750193,8.0078125,0.06166427700410407,0.009855360727067563,0.2576332840909091,-0.00034540681818181205,0.06205230607390423,-0.0031902314411794324,0.002499417804815808,0.059906855206994646,1,4,Clarinet,head,high,No
46,0.38808426038697497,0.48563855348927826,1.3671875,0.05808625626532177,0.011337034719062063,0.693666362012987,0.0024432094155844076,0.05610510027940247,-0.001904553892128812,0.006790972723297628,0.37742955907050796,1,4,Sax,arm,high,No
47,0.3890860442791192,0.47729088493006383,1.3671875,0.07069538605475606,0.019102668499382407,0.693666362012987,0.0024432094155844076,0.05610510027940247,-0.001904553892128812,0.006790972723297628,0.3850712022025911,0,4,Sax,head,high,No
48,-0.4866485686837881,0.8545297936253115,1.953125,0.058725142479074885,0.008378479454985491,0.49952143981481484,0.00014657870370366743,0.022107237714604603,-0.0012999648561271475,0.0015931222635344824,0.5678379161521225,-23,5,Cello,arm,low,Yes
49,-0.2527604076120752,0.4658435577180294,1.953125,0.11718952901415769,0.011838202762819999,0.49952143981481484,0.00014657870370366743,0.022107237714604603,-0.0012999648561271475,0.0015931222635344824,0.2554280066725125,-22,5,Cello,head,low,Yes
50,-0.153968512718811,0.6791337591774703,2.734375,0.04337446623505246,0.005547130345666347,0.37485219594594593,0.00013766891891894465,0.00858638724538357,-0.0003422728261169718,0.0006176106639548611,0.2760465169271976,-14,5,Drum,arm,low,Yes
51,0.033859557765065024,0.2661748292500937,2.734375,0.08436507321577232,0.009960710018438018,0.37485219594594593,0.00013766891891894465,0.00858638724538357,-0.0003422728261169718,0.0006176106639548611,0.09770272629245522,-7,5,Drum,head,low,Yes
52,-0.008043235801857907,0.3531046637231676,2.734375,0.057951360103039994,0.007528517845223475,0.4769496462264151,0.0003682783018867637,0.029231017001749657,-0.0015623554999296865,0.0022989121037032137,0.013618808397254288,-16,5,Piano,arm,low,Yes
53,0.08065614383401312,0.46543501669811077,1.953125,0.06430669662069548,0.01032873876720058,0.4769496462264151,0.0003682783018867637,0.029231017001749657,-0.0015623554999296865,0.0022989121037032137,0.3848132860658721,10,5,Piano,head,low,Yes
54,-0.3473877183942136,0.7325848404836882,1.953125,0.08402205628231665,0.011320286936602938,0.4998642740825688,0.0003805607798165296,0.01777038924393614,-0.000776863542502292,0.0015379851021353511,0.4032386933000868,21,5,Accordion,arm,low,Yes
55,-0.3382707119483721,0.7172451429471803,1.953125,0.06775075985195995,0.008786910276796197,0.4998642740825688,0.0003805607798165296,0.01777038924393614,-0.000776863542502292,0.0015379851021353511,0.5347423503918942,-18,5,Accordion,head,low,Yes
56,-0.08016774955819526,0.1661692026750101,5.46875,0.04005280760893028,0.004480612594356815,0.7495126068840582,0.0008291902173910325,0.036320464331602104,-0.002144089439070164,0.0038024698738522295,0.06863009398330812,33,5,Clarinet,arm,low,Yes
57,-0.4348785341884074,0.9083016759486616,1.3671875,0.06117896370798377,0.012178111082959287,0.7495126068840582,0.0008291902173910325,0.036320464331602104,-0.002144089439070164,0.0038024698738522295,0.7131046964290805,26,5,Clarinet,head,low,Yes
58,0.09068898468674134,0.5521637700188319,0.9765625,0.04690027309271963,0.0056552867647235005,1.000119025,-0.0010961050000000939,0.09538352605976355,-0.010268806980286685,0.008076596980286498,0.3477365600801596,18,5,Sax,arm,low,Yes
59,0.2885076520331148,0.8378260563333536,0.9765625,0.05731077566650454,0.013072657532420467,1.000119025,-0.0010961050000000939,0.09538352605976355,-0.010268806980286685,0.008076596980286498,0.6703747770360845,16,5,Sax,head,low,Yes
60,0.0669234060920446,0.646863003566919,2.34375,0.054778066936949726,0.011464555876547676,0.8575752049180327,-0.00011618852459012247,0.026078773335888643,-0.002386738968465103,0.0021543619192848583,0.28493549836955695,-21,6,Cello,arm,high,Yes
61,-0.06939659410306474,0.56409556675926,2.34375,0.096952134097109,0.011873673811804788,0.8575752049180327,-0.00011618852459012247,0.026078773335888643,-0.002386738968465103,0.0021543619192848583,0.3632107491207347,20,6,Cello,head,high,Yes
62,0.004021888670618651,0.13779655113376882,1.5625,0.042744619171560666,0.006044959603152942,0.1961611683848797,-0.00011443298969071143,0.01572353767791078,-0.0007412094593767346,0.0005123434799953117,0.02509369864296105,5,6,Drum,arm,high,Yes
63,-0.02277237326858908,0.7027046398414892,5.078125,0.10395417888289332,0.01356898975159481,0.1961611683848797,-0.00011443298969071143,0.01572353767791078,-0.0007412094593767346,0.0005123434799953117,0.3151778839181572,5,6,Drum,head,high,Yes
64,-0.01646047790199071,0.12922520412841546,2.34375,0.06037860234014309,0.009915143107850084,0.3373062874251497,0.00023502994011980507,0.051590783010899324,-0.0024796760204155665,0.002949735900655177,0.035537985228812324,9,6,Piano,arm,high,Yes
65,0.19524151918808974,0.5177107964166732,3.125,0.06665359221947538,0.011841975820778323,0.3373062874251497,0.00023502994011980507,0.051590783010899324,-0.0024796760204155665,0.002949735900655177,0.4552318446936477,6,6,Piano,head,high,Yes
66,-0.0553032863033225,0.6900370625137506,1.5625,0.07720962871715568,0.010935081960346517,0.6123625,-0.001932614942528735,0.029532577433604365,-0.0040856477013079175,0.00022041781625044732,0.4109638488574113,16,6,Accordion,arm,high,Yes
67,-0.46856383785627287,0.8202358160226237,1.5625,0.0755923568653711,0.017119100866413405,0.6123625,-0.001932614942528735,0.029532577433604365,-0.0040856477013079175,0.00022041781625044732,0.5316682261022825,24,6,Accordion,head,high,Yes
68,0.5805680797256385,0.8610978366361369,0.78125,0.06569930714982315,0.025128783834502216,1.4276049242424242,0.0014375000000000073,0.07087226251590265,-0.00695184858511073,0.009826848585110744,0.7365009672162575,14,6,Clarinet,arm,high,Yes
69,0.6046395959741423,0.7955708216157048,0.78125,0.07149351163706949,0.016378761443007005,1.4276049242424242,0.0014375000000000073,0.07087226251590265,-0.00695184858511073,0.009826848585110744,0.7056322134810126,11,6,Clarinet,head,high,Yes
70,-0.00974015426370505,0.09022998403615773,6.4453125,0.04495599084990731,0.006003538424708622,0.19426653911564626,0.0005157738095238129,0.025298391228139542,-0.0004875200447410857,0.0015190676637887113,0.01883275172924628,-9,6,Sax,arm,high,Yes
71,-0.022015082478950388,0.15702050118446842,7.03125,0.06032452256598084,0.007292484587441369,0.19426653911564626,0.0005157738095238129,0.025298391228139542,-0.0004875200447410857,0.0015190676637887113,0.020125342229472525,7,6,Sax,head,high,Yes
72,0.08946975289863694,0.20377910145808908,2.9296875,0.05515094968900698,0.018309165977563737,0.5000916666666667,-0.00022409909909915595,0.010940297953368908,-0.0009302159460272823,0.00048201774782897046,0.15620672839954466,-7,7,Cello,arm,low,Yes
73,0.09966448725415293,0.6765114370106823,4.1015625,0.10956877926037728,0.015626056785618934,0.5000916666666667,-0.00022409909909915595,0.010940297953368908,-0.0009302159460272823,0.00048201774782897046,0.16768457649338114,7,7,Cello,head,low,Yes
74,0.650422169870072,0.8640314377327603,2.734375,0.24618997308634993,0.12552661288089573,0.7392158450704224,0.0001123239436620994,0.06402446755688994,-0.005054524392843721,0.005279172280167919,0.6907885226655729,4,7,Drum,arm,low,Yes
75,0.09388038397142073,0.47143444662638107,2.734375,0.0827480965124627,0.008571192884450842,0.7392158450704224,0.0001123239436620994,0.06402446755688994,-0.005054524392843721,0.005279172280167919,0.12728156972886673,7,7,Drum,head,low,Yes
76,-0.02654596565796665,0.19079320173784925,5.46875,0.061166083555470825,0.008740719180618986,0.43799024390243907,-0.0005178861788618557,0.019550615155992167,-0.0017166035085772933,0.0006808311508535819,0.032468200739292324,-15,7,Piano,arm,low,Yes
77,0.10539641556637898,0.30191843486374004,2.34375,0.0578294606963765,0.00999177786766292,0.43799024390243907,-0.0005178861788618557,0.019550615155992167,-0.0017166035085772933,0.0006808311508535819,0.1246003551694687,4,7,Piano,head,low,Yes
78,-0.19217797707160572,0.7875230331581987,3.90625,0.09377536157271232,0.01503200199037969,0.2545838400900901,-5.1407657657676375e-05,0.03165876239567206,-0.0014962696232634167,0.0013934543079480639,0.31945396604141035,10,7,Accordion,arm,low,Yes
79,0.2638618151981206,0.8541254946558124,3.90625,0.09715949632641264,0.014394719003789816,0.2545838400900901,-5.1407657657676375e-05,0.03165876239567206,-0.0014962696232634167,0.0013934543079480639,0.6894276093589788,-5,7,Accordion,head,low,Yes
80,-0.3986146900461067,0.8975911896738893,0.5859375,0.053938657906562645,0.013297784069416129,1.4979591666666667,0.00020083333333329457,0.08123345205845486,-0.009884335999724218,0.010286002666390806,0.7058673169920934,50,7,Clarinet,arm,low,Yes
81,-0.3765744384625101,0.876270890456107,0.78125,0.06690927068590379,0.020053580164463024,1.4979591666666667,0.00020083333333329457,0.08123345205845486,-0.009884335999724218,0.010286002666390806,0.757529806768108,50,7,Clarinet,head,low,Yes
82,-0.029412621195199416,0.2777424738408801,5.2734375,0.04621457887392699,0.005980101656169264,0.3802709183673469,0.000259693877551093,0.042431059109762616,-0.002120071366925366,0.002639459122027552,0.07132143397164077,-17,7,Sax,arm,low,Yes
83,0.5527883765893941,0.8861972304821895,2.734375,0.06715079026864622,0.011334598397013727,0.3802709183673469,0.000259693877551093,0.042431059109762616,-0.002120071366925366,0.002639459122027552,0.5848966736999284,2,7,Sax,head,low,Yes
84,-0.014609433096570675,0.22609203493079302,3.515625,0.052134500128758865,0.008759559964688038,0.2534260698198198,-5.624999999998343e-05,0.018036388118576704,-0.00087940571479815,0.0007669057147981832,0.055443379579303335,-10,8,Cello,arm,high,Yes
85,0.012090158044671197,0.3264150307605159,8.0078125,0.10040845106306134,0.022193075975304066,0.2534260698198198,-5.624999999998343e-05,0.018036388118576704,-0.00087940571479815,0.0007669057147981832,0.07362613829366406,-4,8,Cello,head,high,Yes
86,0.0655968441198278,0.4927227950392239,1.5625,0.06665554304796033,0.07962833578164107,0.6593085443037975,-0.00018702531645569176,0.02010265849845102,-0.0017249988504634286,0.0013509482175520452,0.07229156102720599,-3,8,Drum,arm,high,Yes
87,0.05180961799265428,0.15744355531004886,6.0546875,0.0897233453896687,0.015338678910564028,0.6593085443037975,-0.00018702531645569176,0.02010265849845102,-0.0017249988504634286,0.0013509482175520452,0.08073167152039959,9,8,Drum,head,high,Yes
88,0.07838382373201971,0.13290019382448132,1.953125,0.07046125833813267,0.012326330177669079,0.659265506329114,-0.00017816455696209634,0.021152229239363548,-0.0017964365262099656,0.0014401074122857727,0.08972826603266779,-3,8,Piano,arm,high,Yes
89,0.08500567056477382,0.18020401969128166,1.3671875,0.08889323933503143,0.026079705794927736,0.659265506329114,-0.00017816455696209634,0.021152229239363548,-0.0017964365262099656,0.0014401074122857727,0.11321527910921418,-6,8,Piano,head,high,Yes
90,0.13235314266210774,0.34771587264786913,1.171875,0.0724325687144662,0.010745351921100937,0.8588078389830509,0.0018718220338982293,0.06758130264860066,-0.004111046578352787,0.007854690646149246,0.20956734848664274,-12,8,Accordion,arm,high,Yes
91,0.5479128876031166,0.8029424206323823,1.171875,0.07140062961997078,0.01584559845157852,0.8588078389830509,0.0018718220338982293,0.06758130264860066,-0.004111046578352787,0.007854690646149246,0.569197603114379,-2,8,Accordion,head,high,Yes
92,0.12920965920243485,0.4898113762032436,0.78125,0.04587926365919401,0.0068512956792546095,1.439607196969697,0.000729166666666461,0.09654645551041938,-0.010699308186271253,0.012157641519604176,0.4006579211517007,27,8,Sax,arm,high,Yes
93,0.12049901454427442,0.6287726368884838,0.78125,0.06104452587087973,0.013186892328691049,1.439607196969697,0.000729166666666461,0.09654645551041938,-0.010699308186271253,0.012157641519604176,0.5088010549697246,28,8,Sax,head,high,Yes
94,-0.02724282205738703,0.13862786001868208,3.90625,0.05577886955126615,0.025499717665137464,0.50406875,-2.2453703703680156e-05,0.012848464571229368,-0.0008631676779759133,0.000818260270568553,0.053329233640410936,-17,9,Cello,arm,high,No
95,0.07372992751790663,0.2989919400449681,3.90625,0.08936311688205478,0.008819784716107747,0.50406875,-2.2453703703680156e-05,0.012848464571229368,-0.0008631676779759133,0.000818260270568553,0.15066307968673043,8,9,Cello,head,high,No
96,0.014758656727385898,0.6135502137146134,0.390625,0.054337805626428516,0.06080294767444346,0.3297834337349398,0.0002864457831324979,0.009374275682088538,-0.00020831194878380166,0.0007812035150487975,0.05372478155405327,-10,9,Drum,arm,high,No
97,0.46405767987809415,0.8791359457076925,3.125,0.10352190491586198,0.010408692281509058,0.3297834337349398,0.0002864457831324979,0.009374275682088538,-0.00020831194878380166,0.0007812035150487975,0.5726641338115557,-3,9,Drum,head,high,No
98,0.16423621105761815,0.3175786931220229,0.78125,0.06973235777646224,0.010740770078294127,1.42768984375,-0.0003929687500001666,0.04730853176472972,-0.006079839965199493,0.00529390246519916,0.2542692362557326,17,9,Accordion,arm,high,No
99,0.18861741538302398,0.7420756272327205,1.3671875,0.06795765710964305,0.012515050244586134,1.42768984375,-0.0003929687500001666,0.04730853176472972,-0.006079839965199493,0.00529390246519916,0.3678353883155016,18,9,Accordion,head,high,No
100,-0.008982789361630918,0.1590806078677621,8.59375,0.044159531037625724,0.00586196351879807,0.3842971551724138,-0.0003371551724138197,0.03647806974627091,-0.002397105560641558,0.0017227952158139184,0.017709467672119568,-8,9,Clarinet,arm,high,No
101,0.04931099827760367,0.46335815941058656,2.5390625,0.054197331776025884,0.008940436319285606,0.3842971551724138,-0.0003371551724138197,0.03647806974627091,-0.002397105560641558,0.0017227952158139184,0.08636444290500787,6,9,Clarinet,head,high,No
102,0.04992896186187232,0.19769660274806933,5.46875,0.06085311816039282,0.03491457177822317,0.5996681179775281,-0.0007332865168539301,0.13925312906828627,-0.010770631985425144,0.009304058951717282,0.055089072536823686,-2,9,Sax,arm,high,No
103,0.0955703677424583,0.30020445141269425,1.7578125,0.05916723821017339,0.009570631366648565,0.5996681179775281,-0.0007332865168539301,0.13925312906828627,-0.010770631985425144,0.009304058951717282,0.10515643416241942,-4,9,Sax,head,high,No
104,0.5346172093332178,0.9711320501861597,0.5859375,0.10742839949550399,0.08090661425860991,1.4984920241935484,0.0003840403225806194,0.02787443578822652,-0.0030203092692472305,0.003788389914408469,0.7856801399353102,-17,10,Cello,arm,low,No
105,0.08621331455652237,0.3830710599248047,1.3671875,0.08119084827663481,0.009050637037831552,1.4984920241935484,0.0003840403225806194,0.02787443578822652,-0.0030203092692472305,0.003788389914408469,0.12547858829449637,-14,10,Cello,head,low,No
106,-0.00792370571602733,0.6431297572719287,1.3671875,0.05190424915453563,0.049036150535802486,0.7492071213768117,0.00012742934782595982,0.01594181942640884,-0.0011776059335175514,0.001432464629169471,0.11080185853471057,-26,10,Drum,arm,low,No
107,0.056946735507826904,0.10568495206306747,1.3671875,0.08857780440538693,0.013803875565789056,0.7492071213768117,0.00012742934782595982,0.01594181942640884,-0.0011776059335175514,0.001432464629169471,0.06636320847512198,-9,10,Drum,head,low,No
108,0.016678866930592225,0.2381051354151812,1.3671875,0.05872918144182868,0.00837758938133065,0.7495427214285716,-0.0011793500000001312,0.0471479185434134,-0.00501132279572869,0.002652622795728428,0.10979847827625404,-18,10,Piano,arm,low,No
109,0.08960359346627336,0.33799838629718076,1.3671875,0.06382247839789196,0.008685201827471697,0.7495427214285716,-0.0011793500000001312,0.0471479185434134,-0.00501132279572869,0.002652622795728428,0.23016136073624252,-14,10,Piano,head,low,No
110,0.5576369585503493,0.7196956647828434,1.953125,0.0953961534165887,0.01621892670414515,0.4998822614678899,0.00032224311926606783,0.019651485530431275,-0.0009577011188928654,0.001602187357425001,0.5763084264921817,-2,10,Accordion,arm,low,No
111,0.5483252568059462,0.7356340836011652,1.953125,0.0861154578754546,0.013407279066614944,0.4998822614678899,0.00032224311926606783,0.019651485530431275,-0.0009577011188928654,0.001602187357425001,0.5661173197570283,2,10,Accordion,head,low,No
112,-0.33031047263104035,0.7909113084771159,0.9765625,0.05689228547228349,0.010647032282834232,0.9981350433673468,0.0017442015306123972,0.058164802431182036,-0.0039060935627024296,0.0073944966239272245,0.619288751851584,-35,10,Clarinet,arm,low,No
113,-0.518288064169466,0.7129832795519151,0.9765625,0.06664677211958783,0.011661933776778183,0.9981350433673468,0.0017442015306123972,0.058164802431182036,-0.0039060935627024296,0.0073944966239272245,0.585620552314037,-49,10,Clarinet,head,low,No
114,0.013213947893802345,0.21201148102028175,4.1015625,0.057634103664624244,0.028904532632520418,0.25356886875,-7.218750000013354e-06,0.03597320576055361,-0.0016564316155766596,0.001641994115576633,0.027055665285643012,-5,10,Sax,arm,low,No
115,0.06028578587018105,0.781136108869874,4.1015625,0.06672414708165282,0.011082528170774314,0.25356886875,-7.218750000013354e-06,0.03597320576055361,-0.0016564316155766596,0.001641994115576633,0.3742174421656486,-6,10,Sax,head,low,No
116,-0.029692075037677138,0.11166789448879105,1.3671875,0.04904004510141362,0.007841691284659717,0.3296651162790698,0.00021337209302320261,0.010624809275162777,-0.0003375191033132307,0.0007642632893596359,0.03477503737355566,17,11,Cello,arm,high,No
117,-0.3232344410008957,0.6128640106407446,2.9296875,0.10600400402400878,0.008626777167767427,0.3296651162790698,0.00021337209302320261,0.010624809275162777,-0.0003375191033132307,0.0007642632893596359,0.3394154925356404,-16,11,Cello,head,high,No
118,-0.12064244932263798,0.8304393822312115,1.3671875,0.0627633506173408,0.03032813023802701,0.7134429794520548,-0.00044845890410962825,0.03324929864503297,-0.0030947034227889864,0.0021977856145697296,0.5075873731038871,-20,11,Drum,arm,high,No
119,0.08136203137924658,0.11174714032076645,0.390625,0.08944339256758947,0.013182386648849199,0.7134429794520548,-0.00044845890410962825,0.03324929864503297,-0.0030947034227889864,0.0021977856145697296,0.05963619790453165,-4,11,Drum,head,high,No
120,-0.09839718781282823,0.16328227328584194,4.296875,0.05612177524293836,0.006963767277708824,0.6952365131578947,0.0017174342105263159,0.025590023964887975,-0.00027862219288149687,0.0037134906139341286,0.11277319930299529,35,11,Piano,arm,high,No
121,-0.48429575112585094,0.49311850553241704,1.3671875,0.077178313519418,0.014287351111750918,0.6952365131578947,0.0017174342105263159,0.025590023964887975,-0.00027862219288149687,0.0037134906139341286,0.4925749726808509,-34,11,Piano,head,high,No
122,-0.5240762394532394,0.8698234732708849,1.171875,0.11085378520695256,0.017335460238119597,0.8566093220338984,0.0009805084745761463,0.03739071621797673,-0.0023296340305676197,0.004290650979719913,0.6647119389296228,-40,11,Accordion,arm,high,No
123,0.005791997367901283,0.5469655972877555,4.6875,0.08907055960765425,0.012927906448817939,0.8566093220338984,0.0009805084745761463,0.03739071621797673,-0.0023296340305676197,0.004290650979719913,0.1227846493046899,16,11,Accordion,head,high,No
124,0.05169166420791768,0.6898988450837951,1.5625,0.08082627354657718,0.02175104089327214,0.6127373563218391,-0.0007362068965517299,0.040449015714131266,-0.0036850878768417625,0.0022126740837383023,0.5655931714988996,-15,11,Clarinet,arm,high,No
125,0.15547696421857227,0.6452107951674481,1.7578125,0.07801890339320194,0.012075534676099895,0.6127373563218391,-0.0007362068965517299,0.040449015714131266,-0.0036850878768417625,0.0022126740837383023,0.465734882152952,-11,11,Clarinet,head,high,No
126,-0.02479707561634597,0.11887826211610865,7.421875,0.04961944043234323,0.00645368979537486,0.3549955414012738,-0.0006019108280254256,0.03997081049859353,-0.0027711230422172656,0.0015673013861664143,0.03640315165044427,-10,11,Sax,arm,high,No
127,0.014500791709510049,0.22319340492479128,2.734375,0.0646214932504105,0.008334264716028765,0.3549955414012738,-0.0006019108280254256,0.03997081049859353,-0.0027711230422172656,0.0015673013861664143,0.07569156142427559,7,11,Sax,head,high,No
128,-0.0361749394436389,0.46710250984530394,2.734375,0.09825218504522679,0.07583114349590761,0.3751010981543624,0.0003937273489933219,0.01396644830675001,-0.00038431234931015067,0.0011717670472967945,0.16636592806575315,-12,12,Cello,arm,low,No
129,-0.06926732868600757,0.3746257147007301,5.2734375,0.09977997661758604,0.012964054285286046,0.3751010981543624,0.0003937273489933219,0.01396644830675001,-0.00038431234931015067,0.0011717670472967945,0.2595834208690604,-12,12,Cello,head,low,No
130,-0.021557938769740183,0.35056278982253736,0.1953125,0.043729230621646846,0.020325930598231838,0.2501448859649123,1.2460526315761641e-05,0.00886545291874624,-0.00038678716821538675,0.00041170822084691004,0.022366362307578398,13,12,Drum,arm,low,No
131,0.3009692787168947,0.7482321010726511,4.1015625,0.09529676860516678,0.009149064306261766,0.2501448859649123,1.2460526315761641e-05,0.00886545291874624,-0.00038678716821538675,0.00041170822084691004,0.4217572697929238,-3,12,Drum,head,low,No
132,0.059569876303298866,0.13216281088455623,8.203125,0.05707208280023974,0.007542024840108748,0.6096190568181817,0.0012668409090910058,0.03777645786099649,-0.0014715081692052683,0.00400518998738728,0.06494857212090366,-1,12,Piano,arm,low,No
133,0.44411460714403816,0.5227299206133819,1.5625,0.0686980380204546,0.013549989447385767,0.6096190568181817,0.0012668409090910058,0.03777645786099649,-0.0014715081692052683,0.00400518998738728,0.4460205463624355,-2,12,Piano,head,low,No
134,0.23295289271374206,0.5223194260458293,1.3671875,0.09783535113055129,0.01223355052397854,0.7503479764492753,-0.0006456865942028838,0.023621572658134738,-0.002579404753663265,0.0012880315652574973,0.2897452632431747,-7,12,Accordion,arm,low,No
135,0.6552356907126147,0.9532077018863129,1.3671875,0.09459248477878139,0.03319523970865143,0.7503479764492753,-0.0006456865942028838,0.023621572658134738,-0.002579404753663265,0.0012880315652574973,0.8641525566810775,-8,12,Accordion,head,low,No
136,-0.010684640059202591,0.24448324008369868,1.3671875,0.04619093428761603,0.00499951790874706,1.5002249958333331,-0.0003944624999996815,0.024648113198556733,-0.0034545367557254907,0.002665611755726128,0.10147333513717427,-54,12,Clarinet,arm,low,No
137,0.6326351771374515,0.8455268553601265,0.78125,0.05692940959696931,0.013168386038189527,1.5002249958333331,-0.0003944624999996815,0.024648113198556733,-0.0034545367557254907,0.002665611755726128,0.6549393172397172,-5,12,Clarinet,head,low,No
138,-0.0068745389846914095,0.2730130734533355,2.5390625,0.059132313202964214,0.03565366711476748,0.25667291399082565,0.00014035665137617854,0.0781893770249258,-0.003460687273095278,0.0037414005758476354,0.03275677853328013,-9,12,Sax,arm,low,No
139,-0.32246737945654086,0.7595496846635098,4.1015625,0.0683263289810949,0.011248531715449388,0.25667291399082565,0.00014035665137617854,0.0781893770249258,-0.003460687273095278,0.0037414005758476354,0.350053438228735,-12,12,Sax,head,low,No
140,-0.3718678267448145,0.7086976013313654,0.78125,0.0693482771699348,0.038017671314060204,1.4308101015624999,0.0010666796875000717,0.0428151406847901,-0.004080049286164019,0.006213408661164163,0.6301446314292488,-52,13,Cello,arm,high,Yes
141,-0.029009823575872336,0.5339177641361935,1.3671875,0.08864520730235015,0.010069036912146702,1.4308101015624999,0.0010666796875000717,0.0428151406847901,-0.004080049286164019,0.006213408661164163,0.3423456329390762,-41,13,Cello,head,high,Yes
142,0.08669618307566512,0.16834828511100894,3.125,0.05210812785070764,0.007946245479818015,0.32971762724550896,0.00019666616766468158,0.012205518081771219,-0.00044558794739704265,0.0008389202827264058,0.08640102291551503,-1,13,Drum,arm,high,Yes
143,0.4697321823713045,0.861919170735859,3.125,0.1063852055763857,0.012621557287355492,0.32971762724550896,0.00019666616766468158,0.012205518081771219,-0.00044558794739704265,0.0008389202827264058,0.5036301997747509,2,13,Drum,head,high,Yes
144,0.06764691802647481,0.6986211384657978,3.90625,0.10580827858914633,0.010518388668861138,0.2531837270179372,-0.00011693329596407207,0.020510243060624003,-0.0010508911707683183,0.0008170245788401741,0.20717574771957667,5,13,Accordion,arm,high,Yes
145,0.133780712191766,0.712936546918549,3.90625,0.0824828503684977,0.01166592272267928,0.2531837270179372,-0.00011693329596407207,0.020510243060624003,-0.0010508911707683183,0.0008170245788401741,0.3401283216029217,4,13,Accordion,head,high,Yes
146,0.00803941735448439,0.22618416930826862,5.46875,0.04438960184619395,0.004678718269235997,0.38962813111888117,0.00042052622377616226,0.028205412152648587,-0.0011833592137332686,0.0020244116612855934,0.039706337613606035,-11,13,Clarinet,arm,high,Yes
147,0.06996590607031399,0.2870133400727379,2.5390625,0.0529056778532784,0.010632528624125726,0.38962813111888117,0.00042052622377616226,0.028205412152648587,-0.0011833592137332686,0.0020244116612855934,0.07315702362453917,0,13,Clarinet,head,high,Yes
148,-0.25900318909477493,0.7778343487849964,1.7578125,0.05027673214425376,0.0066962687219656964,0.619257316860465,-0.0011790610465115174,0.07490131975677458,-0.006671296624171454,0.00431317453114842,0.5092520864235641,-21,13,Sax,arm,high,Yes
149,-0.4842788015575518,0.8880440178079818,1.5625,0.07598485023448881,0.022689421555940305,0.619257316860465,-0.0011790610465115174,0.07490131975677458,-0.006671296624171454,0.00431317453114842,0.7556503326667806,-24,13,Sax,head,high,Yes
150,-0.21400789258491182,0.24174500306369767,2.5390625,0.0551672960171498,0.02484117613381686,0.7499643115942028,2.6992753623259045e-05,0.02023526652510822,-0.0016295143260460227,0.0016834998332925408,0.26888193979902586,-32,14,Cello,arm,low,Yes
151,-0.026536485729904316,0.7750436283344528,2.734375,0.1088523065579832,0.01687047674942519,0.7499643115942028,2.6992753623259045e-05,0.02023526652510822,-0.0016295143260460227,0.0016834998332925408,0.21858758535739795,-22,14,Cello,head,low,Yes
152,-0.05498367038405987,0.22847111961973257,5.46875,0.05776378607258293,0.00808479596597543,0.24986519495412846,0.0002040711009174175,0.007522822792282106,-0.0001423955975240718,0.0005505377993589068,0.05286670413602831,-12,14,Drum,arm,low,Yes
153,-0.12295965393254735,0.5923699502820328,3.90625,0.09290163375996567,0.010302440041706783,0.24986519495412846,0.0002040711009174175,0.007522822792282106,-0.0001423955975240718,0.0005505377993589068,0.23842362837520537,-8,14,Drum,head,low,Yes
154,0.002973141789721149,0.2086765413362272,2.734375,0.06526772078537517,0.02137317811964603,0.25011756607929514,0.00015952643171808018,0.010299424918947928,-0.00030531942048691847,0.0006243722839230788,0.0123423642559662,-5,14,Piano,arm,low,Yes
155,0.028522702790839093,0.1543394866591418,8.0078125,0.06624677687455258,0.01317323532109958,0.25011756607929514,0.00015952643171808018,0.010299424918947928,-0.00030531942048691847,0.0006243722839230788,0.03304548640554031,-2,14,Piano,head,low,Yes
156,-0.5062704583953178,0.7763502024876326,4.1015625,0.12732152337686561,0.015694557874543026,0.2500112831858407,8.960176991150831e-05,0.005764569776104528,-0.00017114659485766552,0.00035035013468068217,0.5652526078712554,-11,14,Accordion,arm,low,Yes
157,0.021670609425132655,0.4152587998929604,8.0078125,0.08609272694565608,0.00824224501405297,0.2500112831858407,8.960176991150831e-05,0.005764569776104528,-0.00017114659485766552,0.00035035013468068217,0.08888363354713104,-5,14,Accordion,head,low,Yes
158,0.0537175679015056,0.390966606246769,0.5859375,0.0451799105949513,0.005230142876829779,1.4997441666666667,0.00036583333333326527,0.044914499143743354,-0.005210321783750335,0.005941988450416865,0.2959949958866645,-28,14,Clarinet,arm,low,Yes
159,0.40065506483899066,0.9251293013535099,0.5859375,0.06919382653640194,0.021476747267767132,1.4997441666666667,0.00036583333333326527,0.044914499143743354,-0.005210321783750335,0.005941988450416865,0.7993175300785185,-23,14,Clarinet,head,low,Yes
160,-0.06947885299786517,0.25998470309316646,2.734375,0.05500645871801545,0.0055456995442851684,0.38041040209790217,-0.00010410839160845526,0.027473568268360556,-0.001666377924262914,0.0014581611410460036,0.10836640769677845,11,14,Sax,arm,low,Yes
161,-0.2653029619549343,0.5152915369763067,2.734375,0.0763719008961024,0.012004925413522018,0.38041040209790217,-0.00010410839160845526,0.027473568268360556,-0.001666377924262914,0.0014581611410460036,0.39036810561049345,13,14,Sax,head,low,Yes
162,0.008151456025241931,0.16331965136173154,0.5859375,0.05213313197468265,0.00952640625571023,0.38981627097902094,2.3036713286765682e-05,0.012450640288661542,-0.0006849621820520948,0.000731035608625626,0.08751949955679725,11,15,Cello,arm,high,Yes
163,-0.5032920403333385,0.8993521733016647,2.5390625,0.10678454750900016,0.01705174528900912,0.38981627097902094,2.3036713286765682e-05,0.012450640288661542,-0.0006849621820520948,0.000731035608625626,0.7047648024249693,14,15,Cello,head,high,Yes
164,-0.06764917865213403,0.15493431781109931,3.515625,0.05561407497522521,0.009660461995163811,0.8575700573770493,-0.0004904836065574733,0.02088807883439965,-0.0023091058269467213,0.0013281386138317744,0.0654201238421807,36,15,Drum,arm,high,Yes
165,0.2637483139340653,0.9101143624495054,1.171875,0.08588491012258216,0.01457883942656169,0.8575700573770493,-0.0004904836065574733,0.02088807883439965,-0.0023091058269467213,0.0013281386138317744,0.733984600333012,15,15,Drum,head,high,Yes
166,-0.019291129170576442,0.20427686877511453,1.953125,0.05860988122044591,0.008295104092369958,0.6243916526162792,0.0023501031976743665,0.08935846449787052,-0.004202221106809969,0.008902427502158701,0.0671942709550401,16,15,Piano,arm,high,Yes
167,-0.06088689627985643,0.23849013759815993,0.1953125,0.06458201629012174,0.011235117673597469,0.6243916526162792,0.0023501031976743665,0.08935846449787052,-0.004202221106809969,0.008902427502158701,0.06402586279333804,32,15,Piano,head,high,Yes
168,-0.48259385763467993,0.7641852551274909,3.90625,0.13291049175340988,0.017516997000650795,0.2521530301339286,0.00023824665178570032,0.010786780371800574,-0.0002518443623429771,0.0007283376659143777,0.5105113632735658,13,15,Accordion,arm,high,Yes
169,0.10654376832155037,0.4798400004794888,3.90625,0.11344352483426617,0.020178015277637268,0.2521530301339286,0.00023824665178570032,0.010786780371800574,-0.0002518443623429771,0.0007283376659143777,0.33698332476855225,-5,15,Accordion,head,high,Yes
170,-0.0349748187127877,0.15427812898371954,1.3671875,0.04977894182374112,0.005768457063356238,1.4328654779411765,-0.00020615441176476696,0.04256169478514127,-0.005169658308869704,0.004757349485340169,0.11176140897726411,-37,15,Sax,arm,high,Yes
171,-0.04831114803216637,0.721822143773551,0.78125,0.05749953574423644,0.009693950233794792,1.4328654779411765,-0.00020615441176476696,0.04256169478514127,-0.005169658308869704,0.004757349485340169,0.4752178872804259,-34,15,Sax,head,high,Yes
172,0.05703340528750253,0.7297995025334838,4.1015625,0.07393635767148737,0.05217521313204128,0.2500997767857143,9.843749999996487e-05,0.008095186865209023,-0.0002693625481685497,0.00046623754816847946,0.088026620228203,-4,16,Drum,arm,low,Yes
173,0.024956911450111932,0.33572785556258644,3.90625,0.08886577405819977,0.009349140994983206,0.2500997767857143,9.843749999996487e-05,0.008095186865209023,-0.0002693625481685497,0.00046623754816847946,0.08313242372484028,5,16,Drum,head,low,Yes
174,-0.056954284657147004,0.1583697191715446,4.4921875,0.05732596633103263,0.008763178338192592,0.7548644927536232,0.00047173913043477734,0.037930183656003605,-0.002633315981212191,0.0035767942420817456,0.05952563737485641,26,16,Piano,arm,low,Yes
175,0.21202389528903368,0.32591661042698333,2.734375,0.059624794635540275,0.00781406343875793,0.7548644927536232,0.00047173913043477734,0.037930183656003605,-0.002633315981212191,0.0035767942420817456,0.27619116802775723,7,16,Piano,head,low,Yes
176,0.5210318719906075,0.831381247595935,2.734375,0.11988750396858322,0.013572855030336681,0.37504295302013424,8.456375838923306e-05,0.011110880205199038,-0.0005343986071937965,0.0007035261239722627,0.5712809390192647,3,16,Accordion,arm,low,Yes
177,-0.29268625639444185,0.5492405161956323,5.2734375,0.09365732956472404,0.011724315442682907,0.37504295302013424,8.456375838923306e-05,0.011110880205199038,-0.0005343986071937965,0.0007035261239722627,0.34085732738305596,16,16,Accordion,head,low,Yes
178,0.004382183410832419,0.12725413252139428,6.0546875,0.04387214632644218,0.0048776330433631275,1.497089583333333,-0.0011962499999998322,0.10017015501413318,-0.013632419457739959,0.011239919457740293,0.030914090757605612,61,16,Clarinet,arm,low,Yes
179,0.43588276432248485,0.6827012406799344,0.5859375,0.06785304642364225,0.013399688738781841,1.497089583333333,-0.0011962499999998322,0.10017015501413318,-0.013632419457739959,0.011239919457740293,0.5888225278452434,17,16,Clarinet,head,low,Yes
180,-0.1549364482522666,0.43849123799171763,1.953125,0.049313374046608155,0.005770677307749841,0.999830392156863,-0.00011078431372573269,0.04130634485568013,-0.00404393505281305,0.0038223664253615847,0.2163433033267503,-41,16,Sax,arm,low,Yes
181,-0.37047182130755685,0.7335680762312139,0.9765625,0.06433147469010105,0.010725866261349522,0.999830392156863,-0.00011078431372573269,0.04130634485568013,-0.00404393505281305,0.0038223664253615847,0.5039010530571304,50,16,Sax,head,low,Yes
182,-0.07689442447637881,0.3271174918911821,8.7890625,0.060788825569021335,0.02796603239842942,1.0002769607843138,0.0013916666666666103,0.04645315367498067,-0.003031558296666413,0.005814891629999634,0.06526989653324708,42,17,Cello,arm,low,No
183,-0.07458096114000198,0.5876960962068349,1.953125,0.09780510258331906,0.010917176875497973,1.0002769607843138,0.0013916666666666103,0.04645315367498067,-0.003031558296666413,0.005814891629999634,0.23691729079299356,-44,17,Cello,head,low,No
184,-0.07730281050767487,0.15573392517338444,0.390625,0.0649820006788115,0.07729114624196423,0.7509615671641791,-0.0001481343283581736,0.03179043738470938,-0.002789131976729197,0.00249286332001285,0.09329360287905278,25,17,Drum,arm,low,No
185,-0.4255940432518284,0.8270779355997342,1.3671875,0.09536217827166302,0.017657286329269217,0.7509615671641791,-0.0001481343283581736,0.03179043738470938,-0.002789131976729197,0.00249286332001285,0.632761215812251,26,17,Drum,head,low,No
186,-0.039913085298031906,0.13305561531222115,1.953125,0.0560432998531871,0.007561767715713748,0.7509764285714285,0.002143571428571416,0.043505111686526474,-0.0013923302529502508,0.005679473110093083,0.08370081099707129,26,17,Piano,arm,low,No
187,-0.21408764344425993,0.44065559003584326,2.734375,0.05727175295766997,0.006412157130863308,0.7509764285714285,0.002143571428571416,0.043505111686526474,-0.0013923302529502508,0.005679473110093083,0.2392270049229195,26,17,Piano,head,low,No
188,0.06452650120998227,0.16526977187943567,4.296875,0.09807863826832539,0.010402785371024152,0.3751520695364238,7.640728476821141e-05,0.020593490186883324,-0.0010631873507451774,0.0012160019202816,0.06915350987838169,1,17,Accordion,arm,low,No
189,-0.14679154253741508,0.3130041518257352,2.734375,0.06668776057579846,0.00814643429671694,0.3751520695364238,7.640728476821141e-05,0.020593490186883324,-0.0010631873507451774,0.0012160019202816,0.14027134889844642,-18,17,Accordion,head,low,No
190,-0.049153913056306835,0.15914607092587613,1.953125,0.04388220290849043,0.0043963257471931715,0.49981113636363633,7.250000000000362e-05,0.023644274829890635,-0.0014604873420096464,0.0016054873420096535,0.11197482373511844,15,17,Clarinet,arm,low,No
191,0.472444047153219,0.8421328830052586,1.953125,0.06189587104275209,0.009506259085027882,0.49981113636363633,7.250000000000362e-05,0.023644274829890635,-0.0014604873420096464,0.0016054873420096535,0.6296062422131806,-6,17,Clarinet,head,low,No
192,0.03837160969475729,0.20554770126734104,1.3671875,0.0440344323717612,0.0044371129373021855,0.24776582969432315,0.000372598253275112,0.026227788010127838,-0.0008059648380050995,0.0015511613445553236,0.04075221655750408,1,17,Sax,arm,low,No
193,-0.19255876495047217,0.5392221170849846,3.90625,0.06880753314756022,0.009557839836051586,0.24776582969432315,0.000372598253275112,0.026227788010127838,-0.0008059648380050995,0.0015511613445553236,0.20507821251865077,-10,17,Sax,head,low,No
194,0.0031335912159827593,0.11346797421763187,2.5390625,0.05071779575787089,0.01433724632113428,0.7154828493150684,-0.0006811917808218884,0.021694370826097813,-0.002407802934267522,0.001045419372623745,0.09028286199567363,16,18,Cello,arm,high,No
195,-0.10865080569443396,0.3064711747327912,2.734375,0.09452199344609995,0.009443870269929005,0.7154828493150684,-0.0006811917808218884,0.021694370826097813,-0.002407802934267522,0.001045419372623745,0.18442351746378882,23,18,Cello,head,high,No
196,0.020370718709819723,0.25718459128122684,0.390625,0.06865190817887082,0.0824532499883437,0.5842023356741572,0.0002892373595506099,0.019893049615034714,-0.001144650788927663,0.001723125508028883,0.058637529900757566,-24,18,Drum,arm,high,No
197,-0.698829735169935,0.9689278456122842,1.7578125,0.09910183096111495,0.018500932289207867,0.5842023356741572,0.0002892373595506099,0.019893049615034714,-0.001144650788927663,0.001723125508028883,0.803908007538995,-29,18,Drum,head,high,No
198,0.07012601692327244,0.21538857651083343,2.34375,0.10482036164961919,0.011087609837308606,0.8567309300847458,-0.0004452690677966163,0.05809262138817218,-0.0055881193456888845,0.004697581210095652,0.12316358850947824,-13,18,Accordion,arm,high,No
199,0.494778066432424,0.7282909254014044,1.171875,0.07437635482106805,0.013939643382115523,0.8567309300847458,-0.0004452690677966163,0.05809262138817218,-0.0055881193456888845,0.004697581210095652,0.5396367133826141,5,18,Accordion,head,high,No
200,0.01845699270495831,0.20439086039727225,8.0078125,0.04644485854951879,0.005417905570727129,0.32976297601744187,0.00019293677325580707,0.03850603809972845,-0.001803582584933867,0.002189456131445481,0.030205073668085187,-15,18,Clarinet,arm,high,No
201,-0.08145748490980005,0.3967800349830467,3.125,0.057523956125156386,0.010615887537992448,0.32976297601744187,0.00019293677325580707,0.03850603809972845,-0.001803582584933867,0.002189456131445481,0.09873706338632082,12,18,Clarinet,head,high,No
202,0.0038945056742175238,0.17608761732592945,3.3203125,0.04299333827496971,0.0046419213348205144,0.25897406536697254,-1.4680045871622346e-05,0.051815873401282964,-0.002401081411409926,0.002371721319666681,0.04511924363857319,-6,18,Sax,arm,high,No
203,0.016709844979803153,0.26189021405593566,3.7109375,0.06502246757846966,0.0094085634101531,0.25897406536697254,-1.4680045871622346e-05,0.051815873401282964,-0.002401081411409926,0.002371721319666681,0.11302872768402038,7,18,Sax,head,high,No
204,0.036207983218448536,0.19392384600267254,6.0546875,0.05396542881399223,0.01245759385222248,0.49968250000000003,-0.00018340909090914793,0.010983040607761166,-0.0008954995377343981,0.0005286813559161024,0.040943629134381106,4,19,Cello,arm,low,Yes
205,0.17789518547675862,0.5149155111290022,4.1015625,0.09920819235230113,0.01055443396227405,0.49968250000000003,-0.00018340909090914793,0.010983040607761166,-0.0008954995377343981,0.0005286813559161024,0.21117475413132952,4,19,Cello,head,low,Yes
206,-0.01379621013853888,0.5123350310921292,2.734375,0.3720638996599221,0.10167841543182228,0.24976572398190044,-3.450226244343185e-05,0.010055424364037719,-0.0004944549697641894,0.0004254504448773257,0.0825629209648124,-7,19,Drum,arm,low,Yes
207,0.07053247514382349,0.7680546368663768,3.90625,0.10084670447488725,0.014543820528836949,0.24976572398190044,-3.450226244343185e-05,0.010055424364037719,-0.0004944549697641894,0.0004254504448773257,0.23900638386971382,5,19,Drum,head,low,Yes
208,0.017743242726198434,0.20480470127744865,8.7890625,0.056797928853279174,0.007715596968310596,0.2692692786069652,-0.0008145522388060039,0.02640785142651548,-0.002081165270305783,0.000452060792693775,0.03272207156096454,5,19,Piano,arm,low,Yes
209,0.051428011232552605,0.16557190975767724,4.1015625,0.05838960852265932,0.006863953298693714,0.2692692786069652,-0.0008145522388060039,0.02640785142651548,-0.002081165270305783,0.000452060792693775,0.06850970453141579,3,19,Piano,head,low,Yes
210,-0.2130679852458203,0.28573329065425007,1.3671875,0.10660970352174004,0.01736873752619594,0.7495889285714287,-0.0007617857142857692,0.025209396895537316,-0.0028106931970513747,0.0012871217684798366,0.30104144748759976,27,19,Accordion,arm,low,Yes
211,-0.3111205083165815,0.6375842663920903,2.734375,0.06961118083458585,0.010216328859001766,0.7495889285714287,-0.0007617857142857692,0.025209396895537316,-0.0028106931970513747,0.0012871217684798366,0.4026424089016425,31,19,Accordion,head,low,Yes
212,0.056043156818496635,0.15298470885902657,4.1015625,0.04887551134213076,0.005373838997796601,0.25217362334801763,0.0001334251101321626,0.03424354267064702,-0.001412095042742659,0.0016789452630069843,0.06088993043199297,1,19,Clarinet,arm,low,Yes
213,0.05840627709112603,0.4711567633659668,4.1015625,0.055459165687775265,0.008007506995669102,0.25217362334801763,0.0001334251101321626,0.03424354267064702,-0.001412095042742659,0.0016789452630069843,0.12289323292639509,-4,19,Clarinet,head,low,Yes
214,-0.2500158401885649,0.38141637537908474,0.9765625,0.05132859397306967,0.0067673096701613335,0.9981007211538462,-0.0008699519230769196,0.04217551941434512,-0.004847062635233414,0.0031071587890795747,0.2923185864628133,-49,19,Sax,arm,low,Yes
215,-0.3923587598471433,0.7864866797599788,1.953125,0.0660607113820161,0.013805773022793197,0.9981007211538462,-0.0008699519230769196,0.04217551941434512,-0.004847062635233414,0.0031071587890795747,0.5613487412549677,46,19,Sax,head,low,Yes
216,-0.36123632824092833,0.8825051763767447,1.5625,0.1521070538948821,0.072387081467435,0.6126078650568182,-0.00029442187500003126,0.021101130514122858,-0.0018240057631182672,0.0012351620131182048,0.7447967876626161,-20,20,Cello,arm,high,No
217,-0.08635793603757952,0.4682702891487659,3.3203125,0.10839054168148023,0.011775217522560786,0.6126078650568182,-0.00029442187500003126,0.021101130514122858,-0.0018240057631182672,0.0012351620131182048,0.19344757309520502,17,20,Cello,head,high,No
218,-0.016138600144593927,0.6928620487197424,2.9296875,0.45077684084116953,0.10561482877185333,0.49420546931818193,0.0008409306818180942,0.03041140030233889,-0.0011308063264718576,0.0028126676901080463,0.10845578669258822,-19,20,Drum,arm,high,No
219,-0.3503423703107302,0.7791031062755811,1.953125,0.11303960703064478,0.020384541647953593,0.49420546931818193,0.0008409306818180942,0.03041140030233889,-0.0011308063264718576,0.0028126676901080463,0.40498291273858567,-20,20,Drum,head,high,No
220,0.0549059185926521,0.19565491126549767,2.34375,0.05950951348244296,0.007706782291028411,0.42331433042635663,-0.000707741279069802,0.03228112956166375,-0.00264043386409496,0.001224951305955356,0.07218068588052619,-3,20,Piano,arm,high,No
221,-0.37945904199671004,0.49634339224784124,2.5390625,0.07328170719397449,0.014820591724141042,0.42331433042635663,-0.000707741279069802,0.03228112956166375,-0.00264043386409496,0.001224951305955356,0.42066304758035217,-19,20,Piano,head,high,No
222,-0.0832752053697804,0.4304087854586809,2.5390625,0.10324405671673281,0.010667551970266705,0.3893283012152778,7.465711805555565e-05,0.014051433829997994,-0.000721590798977664,0.0008709050350887754,0.20012535451052185,-12,20,Accordion,arm,high,No
223,-0.32362987014265066,0.9003654539080255,2.5390625,0.11215769715507333,0.01970685195017296,0.3893283012152778,7.465711805555565e-05,0.014051433829997994,-0.000721590798977664,0.0008709050350887754,0.7235660126146795,-13,20,Accordion,head,high,No
224,-0.1719830158364584,0.7254284613464739,3.90625,0.0598702119590595,0.007728496239819653,0.2545397090707964,0.0004622245575221693,0.030441798776263632,-0.0009147471090272352,0.0018391962240715738,0.36908720752974217,8,20,Clarinet,arm,high,No
225,-0.014038014549211322,0.5533232554228562,3.90625,0.06084585463011974,0.00920705997833845,0.2545397090707964,0.0004622245575221693,0.030441798776263632,-0.0009147471090272352,0.0018391962240715738,0.1308487103789726,7,20,Clarinet,head,high,No
226,-0.011321295644767752,0.1278968104101533,1.3671875,0.05238972671623832,0.008845139037882654,1.4353781553030303,0.000541662878787965,0.052822106279907,-0.005711038063029326,0.006794363820605257,0.057088958695636405,72,20,Sax,arm,high,No
227,0.09429887568566757,0.21037764269575188,3.515625,0.05614525178852651,0.006840645110674135,1.4353781553030303,0.000541662878787965,0.052822106279907,-0.005711038063029326,0.006794363820605257,0.09357139013908995,-2,20,Sax,head,high,No
228,-0.2665875551103361,0.28246512430711007,1.3671875,0.07473821839871435,0.042047709888137406,0.7500757807971015,0.00046346557971017546,0.020660734394544574,-0.0012278713124065292,0.00215480247182688,0.4045252951554918,-31,21,Cello,arm,low,Yes
229,-0.1299206971598653,0.49530188036231304,2.734375,0.10139790397524236,0.011884816543022139,0.7500757807971015,0.00046346557971017546,0.020660734394544574,-0.0012278713124065292,0.00215480247182688,0.15061423516420136,-34,21,Cello,head,low,Yes
230,-0.008939884175276072,0.5992598371813632,4.1015625,0.2350022908588964,0.07893964185401403,0.7500637807971015,0.0004709438405797385,0.020409432670671593,-0.001199820894297912,0.002141708575457389,0.025122162906578576,-37,21,Drum,arm,low,Yes
231,0.006913175603046888,0.20749408094864547,3.90625,0.10040002740829501,0.011152275384460677,0.7500637807971015,0.0004709438405797385,0.020409432670671593,-0.001199820894297912,0.002141708575457389,0.014261880939692478,-5,21,Drum,head,low,Yes
232,0.001375776827146789,0.23692140362602734,8.7890625,0.061572128302744875,0.008008210805891912,0.3746888203125,-7.68411458333519e-05,0.018052037214778195,-0.0010997899213374498,0.000946107629670746,0.022751807488205305,6,21,Piano,arm,low,Yes
233,0.020551774419825846,0.687241423962188,2.734375,0.06411181338089031,0.011558794181800796,0.3746888203125,-7.68411458333519e-05,0.018052037214778195,-0.0010997899213374498,0.000946107629670746,0.3016024194087863,9,21,Piano,head,low,Yes
234,0.5820868631179221,0.9521539558402202,1.953125,0.26815902848183515,0.08845684590040968,0.50464063317757,6.845093457954124e-05,0.04886045522129505,-0.0031435416409193785,0.003280443510078461,0.8216625436868659,-6,21,Accordion,arm,low,Yes
235,0.584453293302034,0.8009870361738407,1.953125,0.08629064634177369,0.01437500741386186,0.50464063317757,6.845093457954124e-05,0.04886045522129505,-0.0031435416409193785,0.003280443510078461,0.608229778267205,2,21,Accordion,head,low,Yes
236,-0.1675765937654891,0.41500499836592986,1.3671875,0.04576244629398885,0.0047087800969778685,0.7500492119565217,0.0003088750000000007,0.030325787445593833,-0.002173666138652155,0.0027914161386521563,0.23668014209578656,-27,21,Clarinet,arm,low,Yes
237,-0.4834465193579786,0.8361525055657001,1.3671875,0.07191033724955098,0.014372595894128126,0.7500492119565217,0.0003088750000000007,0.030325787445593833,-0.002173666138652155,0.0027914161386521563,0.6133516713453518,-30,21,Clarinet,head,low,Yes
238,0.023298365736415777,0.1783725333794751,0.390625,0.04576864978033584,0.004625663591989147,0.37957936276223775,-2.1670454545423498e-05,0.05511225863663377,-0.003155599098351814,0.003112258189260967,0.02941337815838453,-2,21,Sax,arm,low,Yes
239,0.12431241810230707,0.5347996468049718,2.734375,0.0608523792387178,0.0067679070149781,0.37957936276223775,-2.1670454545423498e-05,0.05511225863663377,-0.003155599098351814,0.003112258189260967,0.19349119076376664,5,21,Sax,head,low,Yes
240,0.02683485720804142,0.29224044747181915,6.640625,0.06369808564539005,0.033031409547763235,0.6358317771084336,0.0267115963855423,0.2952618903649311,0.004673338414178951,0.04874985435690565,0.04673318517654332,-8,22,Cello,arm,high,Yes
241,-0.08094699319852351,0.737214339229261,2.34375,0.1082472173436737,0.019583930186522526,0.6358317771084336,0.0267115963855423,0.2952618903649311,0.004673338414178951,0.04874985435690565,0.12237152127465496,32,22,Cello,head,high,Yes
242,-0.007126173093085319,0.17423533880445666,7.8125,0.1269492066830546,0.13618813422737763,0.25968862559241707,6.682464454974489e-05,0.009402541058234501,-0.0003733377377542996,0.0005069870268537894,0.007386544432194114,13,22,Drum,arm,high,Yes
243,0.2790502932518804,0.6510481047069249,3.90625,0.09275709748860222,0.009000138720327702,0.25968862559241707,6.682464454974489e-05,0.009402541058234501,-0.0003733377377542996,0.0005069870268537894,0.28818013501748246,-1,22,Drum,head,high,Yes
244,-0.007011975103913794,0.1968279691347748,0.9765625,0.05807288645456453,0.008040448629641001,0.2384463656387665,-0.0002578193832598995,0.010778296478532137,-0.0007442782342452609,0.0002286394677254618,0.021684296127241615,12,22,Piano,arm,high,Yes
245,-0.0036719475027860676,0.3194911069668379,8.3984375,0.07967449115838965,0.013407444587294428,0.2384463656387665,-0.0002578193832598995,0.010778296478532137,-0.0007442782342452609,0.0002286394677254618,0.06772194734618452,6,22,Piano,head,high,Yes
246,0.024001391735467652,0.21457566349759177,4.1015625,0.10702249166794572,0.010782146930290034,0.1646343304843305,-9.544159544158889e-06,0.01541988156444339,-0.0005692197840205073,0.0005501314649321895,0.02561908037146554,0,22,Accordion,arm,high,Yes
247,0.0031470464419788855,0.3151281273557636,6.0546875,0.09011294070383886,0.018299125268037845,0.1646343304843305,-9.544159544158889e-06,0.01541988156444339,-0.0005692197840205073,0.0005501314649321895,0.0546383799187642,5,22,Accordion,head,high,Yes
248,-0.027601346530749613,0.18116000095916088,4.1015625,0.045219789888074305,0.0046387742802776535,0.6122090517241379,-0.00032169540229880016,0.045296430562976955,-0.003623970629617262,0.002980579825019662,0.03431575310164671,-17,22,Clarinet,arm,high,Yes
249,0.5276855418947709,0.8081719419023129,1.5625,0.08764678747974117,0.015420437125648938,0.6122090517241379,-0.00032169540229880016,0.045296430562976955,-0.003623970629617262,0.002980579825019662,0.6020903486024147,-5,22,Clarinet,head,high,Yes
250,0.0022018138681327085,0.20844458275643632,5.2734375,0.05057762777864534,0.005659176470969137,0.2567251162790698,-4.837209302329799e-05,0.017315443264502194,-0.0008513864248665572,0.0007546422388199611,0.05042966182512921,-6,22,Sax,arm,high,Yes
251,0.09678037582778266,0.34149633023246,4.1015625,0.08005286590883803,0.008538099267729353,0.2567251162790698,-4.837209302329799e-05,0.017315443264502194,-0.0008513864248665572,0.0007546422388199611,0.1621290323587907,-4,22,Sax,head,high,Yes
252,-0.6609810563610987,0.9529517873230542,0.9765625,0.145467430067762,0.10155954385631835,1.0002061224489798,-0.00023469387755117128,0.020381083666689063,-0.002214570576600966,0.0017451828214986235,0.8337484681920747,42,23,Cello,arm,low,Yes
253,0.595811340583469,0.8339203067761309,1.953125,0.1060577644193304,0.02297028315143919,1.0002061224489798,-0.00023469387755117128,0.020381083666689063,-0.002214570576600966,0.0017451828214986235,0.5994665148472397,0,23,Cello,head,low,Yes
254,-0.03921950946106496,0.8926856552289741,4.1015625,0.3514459888339357,0.14535468829235096,0.750510294117647,-0.00024852941176468175,0.01866200157454095,-0.0017874374853101905,0.001290378661780827,0.04957210848051745,-22,23,Drum,arm,low,Yes
255,-0.11368279168688217,0.9373203553486803,1.3671875,0.11090851728180087,0.018896444007337608,0.750510294117647,-0.00024852941176468175,0.01866200157454095,-0.0017874374853101905,0.001290378661780827,0.6392255770136249,19,23,Drum,head,low,Yes
256,-0.02781758459120676,0.18444264103273883,6.0546875,0.05807050646066222,0.00764561291198038,0.7503929347826087,-0.0006610507246377158,0.018898121160762428,-0.002208095902244212,0.0008859944529687805,0.0383757119343075,-37,23,Piano,arm,low,Yes
257,-0.0804262072413844,0.865409812987096,1.3671875,0.07443947698302371,0.017341342348173038,0.7503929347826087,-0.0006610507246377158,0.018898121160762428,-0.002208095902244212,0.0008859944529687805,0.7009661834663554,18,23,Piano,head,low,Yes
258,-0.007113578549264716,0.25496487578909,1.953125,0.10966713074807474,0.011540101734597194,1.4989544354838713,0.0002842741935479323,0.04432156452795911,-0.005128789635125505,0.005697338022221369,0.12371374807061183,-41,23,Accordion,arm,low,Yes
259,-0.20106517837347185,0.9547373291066931,0.5859375,0.07599547943759832,0.02574092564925721,1.4989544354838713,0.0002842741935479323,0.04432156452795911,-0.005128789635125505,0.005697338022221369,0.8019684363731873,-45,23,Accordion,head,low,Yes
260,-0.018526980853534353,0.16117994116115525,7.2265625,0.04628203706261067,0.005246500693181182,0.3830636078767124,0.0020240633561643346,0.06368953048337914,-0.0015602051158204577,0.005608331828149127,0.060959439412747486,-15,23,Clarinet,arm,low,Yes
261,-0.2466501520146784,0.7460771295294825,2.734375,0.07755221409860295,0.018356167316147934,0.3830636078767124,0.0020240633561643346,0.06368953048337914,-0.0015602051158204577,0.005608331828149127,0.2808525966690422,18,23,Clarinet,head,low,Yes
262,-0.08437801873111977,0.31296453527726475,1.953125,0.04864588239515123,0.0049937550328428325,0.5026835572429906,0.000643807242990655,0.058061985831835645,-0.003173076299455319,0.004460690785436629,0.18142951871390844,-17,23,Sax,arm,low,Yes
263,0.314896158227781,0.5310029193616995,1.953125,0.07634979948739218,0.008474167419535862,0.5026835572429906,0.000643807242990655,0.058061985831835645,-0.003173076299455319,0.004460690785436629,0.3301144848441857,-2,23,Sax,head,low,Yes
264,0.00023585209930048246,0.15638054652133937,4.6875,0.05048601014578947,0.009734363003039533,0.2532089746696035,-2.0560572687219095e-05,0.017934154722926962,-0.0008299860990016398,0.0007888649536272015,0.010236152613231075,-2,24,Cello,arm,high,Yes
265,0.023367207279487472,0.44060964422503296,3.90625,0.09814677249023714,0.01464383660817654,0.2532089746696035,-2.0560572687219095e-05,0.017934154722926962,-0.0008299860990016398,0.0007888649536272015,0.15216732842748643,6,24,Cello,head,high,Yes
266,0.03910944475039816,0.3884135811378108,0.390625,0.04646272006982435,0.027744803355058936,0.8575429708333332,-0.0012009541666665013,0.03161225969435053,-0.003976119287529782,0.00157421095419678,0.013873508717996733,26,24,Drum,arm,high,Yes
267,-0.05116201081937045,0.2679779714989664,1.171875,0.09369488114386164,0.01831295812683001,0.8575429708333332,-0.0012009541666665013,0.03161225969435053,-0.003976119287529782,0.00157421095419678,0.13934746522625838,29,24,Drum,head,high,Yes
268,0.015703007404631528,0.17472871220902778,1.953125,0.05884625685112678,0.007293528577993075,0.32957555190058485,0.00021940716374263048,0.009635737802489377,-0.0002816598710416501,0.0007204741985269111,0.03755023959392825,7,24,Piano,arm,high,Yes
269,-0.5685034587805001,0.8351334862595403,2.9296875,0.07423608369836711,0.009366587702655941,0.32957555190058485,0.00021940716374263048,0.009635737802489377,-0.0002816598710416501,0.0007204741985269111,0.5587826817682969,15,24,Piano,head,high,Yes
270,-0.08365221654560177,0.34327574536677874,0.78125,0.08163407260788155,0.018547594588267102,1.42877949609375,-0.0003966835937500579,0.06337426734065517,-0.008014787205932149,0.007221420018432034,0.2752823927227412,41,24,Accordion,arm,high,Yes
271,-0.2320915740253166,0.6984802321613351,0.78125,0.06597888691573807,0.012348789996418965,1.42877949609375,-0.0003966835937500579,0.06337426734065517,-0.008014787205932149,0.007221420018432034,0.5276503733222122,44,24,Accordion,head,high,Yes
272,-0.00523168751592877,0.13176321543423772,0.9765625,0.04486908094111406,0.004743787817991191,0.3842565911458333,2.7276909722213143e-05,0.03123679030478494,-0.0017428078742156004,0.0017973616936600265,0.0448637074456007,14,24,Clarinet,arm,high,Yes
273,-0.0897563094442858,0.42880252681768155,2.5390625,0.07611177323491007,0.01911636553828231,0.3842565911458333,2.7276909722213143e-05,0.03123679030478494,-0.0017428078742156004,0.0017973616936600265,0.16687867433030243,-15,24,Clarinet,head,high,Yes
274,-0.018089660262347707,0.2747906045907667,2.1484375,0.04663360882681646,0.005100125103871395,0.6311945897058824,0.0022336455882352784,0.033735856558807176,-0.00025458824655495054,0.004721879423025507,0.0682636281644851,19,24,Sax,arm,high,Yes
275,0.3022696403866022,0.5170209995728907,1.7578125,0.06730994775392846,0.010667071904486234,0.6311945897058824,0.0022336455882352784,0.033735856558807176,-0.00025458824655495054,0.004721879423025507,0.3200891058449169,2,24,Sax,head,high,Yes
